customer_id,access_node_id,region,zone
CUST-00001,ACC-ZAR-07,Zaragoza,ZAR-zona-07
CUST-00002,ACC-VAL-04,Valencia,VAL-zona-04
CUST-00003,ACC-BCN-04,Barcelona,BCN-zona-04
CUST-00004,ACC-BIL-04,Bilbao,BIL-zona-04
CUST-00005,ACC-BCN-02,Barcelona,BCN-zona-02
CUST-00006,ACC-BCN-07,Barcelona,BCN-zona-07
CUST-00007,ACC-MAD-03,Madrid,MAD-zona-03
CUST-00008,ACC-MAD-01,Madrid,MAD-zona-01
CUST-00009,ACC-ZAR-06,Zaragoza,ZAR-zona-06
CUST-00010,ACC-BIL-06,Bilbao,BIL-zona-06
CUST-00011,ACC-SEV-05,Sevilla,SEV-zona-05
CUST-00012,ACC-BCN-06,Barcelona,BCN-zona-06
CUST-00013,ACC-MAD-06,Madrid,MAD-zona-06
CUST-00014,ACC-MAD-05,Madrid,MAD-zona-05
CUST-00015,ACC-BCN-01,Barcelona,BCN-zona-01
CUST-00016,ACC-VAL-05,Valencia,VAL-zona-05
CUST-00017,ACC-SEV-06,Sevilla,SEV-zona-06
CUST-00018,ACC-SEV-03,Sevilla,SEV-zona-03
CUST-00019,ACC-BCN-02,Barcelona,BCN-zona-02
CUST-00020,ACC-ZAR-06,Zaragoza,ZAR-zona-06
CUST-00021,ACC-SEV-07,Sevilla,SEV-zona-07
CUST-00022,ACC-VAL-05,Valencia,VAL-zona-05
CUST-00023,ACC-SEV-01,Sevilla,SEV-zona-01
CUST-00024,ACC-BCN-07,Barcelona,BCN-zona-07
CUST-00025,ACC-BCN-01,Barcelona,BCN-zona-01
CUST-00026,ACC-BCN-05,Barcelona,BCN-zona-05
CUST-00027,ACC-BIL-02,Bilbao,BIL-zona-02
CUST-00028,ACC-MAD-01,Madrid,MAD-zona-01
CUST-00029,ACC-MAD-04,Madrid,MAD-zona-04
CUST-00030,ACC-MAD-02,Madrid,MAD-zona-02
CUST-00031,ACC-MAD-02,Madrid,MAD-zona-02
CUST-00032,ACC-BIL-07,Bilbao,BIL-zona-07
CUST-00033,ACC-SEV-05,Sevilla,SEV-zona-05
CUST-00034,ACC-VAL-02,Valencia,VAL-zona-02
CUST-00035,ACC-MAD-04,Madrid,MAD-zona-04
CUST-00036,ACC-VAL-03,Valencia,VAL-zona-03
CUST-00037,ACC-VAL-02,Valencia,VAL-zona-02
CUST-00038,ACC-MAD-06,Madrid,MAD-zona-06
CUST-00039,ACC-BCN-07,Barcelona,BCN-zona-07
CUST-00040,ACC-BCN-06,Barcelona,BCN-zona-06
CUST-00041,ACC-SEV-01,Sevilla,SEV-zona-01
CUST-00042,ACC-SEV-02,Sevilla,SEV-zona-02
CUST-00043,ACC-MAD-02,Madrid,MAD-zona-02
CUST-00044,ACC-BCN-06,Barcelona,BCN-zona-06
CUST-00045,ACC-SEV-02,Sevilla,SEV-zona-02
CUST-00046,ACC-VAL-03,Valencia,VAL-zona-03
CUST-00047,ACC-BIL-07,Bilbao,BIL-zona-07
CUST-00048,ACC-SEV-03,Sevilla,SEV-zona-03
CUST-00049,ACC-MAD-05,Madrid,MAD-zona-05
CUST-00050,ACC-MAD-03,Madrid,MAD-zona-03
CUST-00051,ACC-SEV-02,Sevilla,SEV-zona-02
CUST-00052,ACC-MAD-01,Madrid,MAD-zona-01
CUST-00053,ACC-VAL-07,Valencia,VAL-zona-07
CUST-00054,ACC-ZAR-05,Zaragoza,ZAR-zona-05
CUST-00055,ACC-VAL-06,Valencia,VAL-zona-06
CUST-00056,ACC-BCN-06,Barcelona,BCN-zona-06
CUST-00057,ACC-SEV-02,Sevilla,SEV-zona-02
CUST-00058,ACC-VAL-01,Valencia,VAL-zona-01
CUST-00059,ACC-VAL-05,Valencia,VAL-zona-05
CUST-00060,ACC-ZAR-05,Zaragoza,ZAR-zona-05
CUST-00061,ACC-BCN-06,Barcelona,BCN-zona-06
CUST-00062,ACC-ZAR-06,Zaragoza,ZAR-zona-06
CUST-00063,ACC-ZAR-03,Zaragoza,ZAR-zona-03
CUST-00064,ACC-MAD-06,Madrid,MAD-zona-06
CUST-00065,ACC-MAD-03,Madrid,MAD-zona-03
CUST-00066,ACC-MAD-04,Madrid,MAD-zona-04
CUST-00067,ACC-MAD-01,Madrid,MAD-zona-01
CUST-00068,ACC-MAD-04,Madrid,MAD-zona-04
CUST-00069,ACC-SEV-04,Sevilla,SEV-zona-04
CUST-00070,ACC-MAD-03,Madrid,MAD-zona-03
CUST-00071,ACC-BCN-04,Barcelona,BCN-zona-04
CUST-00072,ACC-BIL-07,Bilbao,BIL-zona-07
CUST-00073,ACC-MAD-01,Madrid,MAD-zona-01
CUST-00074,ACC-BIL-05,Bilbao,BIL-zona-05
CUST-00075,ACC-BCN-03,Barcelona,BCN-zona-03
CUST-00076,ACC-MAD-04,Madrid,MAD-zona-04
CUST-00077,ACC-SEV-05,Sevilla,SEV-zona-05
CUST-00078,ACC-SEV-02,Sevilla,SEV-zona-02
CUST-00079,ACC-ZAR-01,Zaragoza,ZAR-zona-01
CUST-00080,ACC-SEV-07,Sevilla,SEV-zona-07
CUST-00081,ACC-BIL-04,Bilbao,BIL-zona-04
CUST-00082,ACC-BCN-03,Barcelona,BCN-zona-03
CUST-00083,ACC-MAD-06,Madrid,MAD-zona-06
CUST-00084,ACC-BIL-01,Bilbao,BIL-zona-01
CUST-00085,ACC-BIL-04,Bilbao,BIL-zona-04
CUST-00086,ACC-ZAR-07,Zaragoza,ZAR-zona-07
CUST-00087,ACC-BCN-06,Barcelona,BCN-zona-06
CUST-00088,ACC-BCN-06,Barcelona,BCN-zona-06
CUST-00089,ACC-BIL-02,Bilbao,BIL-zona-02
CUST-00090,ACC-BCN-04,Barcelona,BCN-zona-04
CUST-00091,ACC-ZAR-05,Zaragoza,ZAR-zona-05
CUST-00092,ACC-BIL-07,Bilbao,BIL-zona-07
CUST-00093,ACC-BCN-07,Barcelona,BCN-zona-07
CUST-00094,ACC-BIL-01,Bilbao,BIL-zona-01
CUST-00095,ACC-BIL-01,Bilbao,BIL-zona-01
CUST-00096,ACC-MAD-04,Madrid,MAD-zona-04
CUST-00097,ACC-ZAR-03,Zaragoza,ZAR-zona-03
CUST-00098,ACC-VAL-03,Valencia,VAL-zona-03
CUST-00099,ACC-BIL-06,Bilbao,BIL-zona-06
CUST-00100,ACC-BCN-04,Barcelona,BCN-zona-04
CUST-00101,ACC-ZAR-03,Zaragoza,ZAR-zona-03
CUST-00102,ACC-BCN-06,Barcelona,BCN-zona-06
CUST-00103,ACC-MAD-01,Madrid,MAD-zona-01
CUST-00104,ACC-ZAR-03,Zaragoza,ZAR-zona-03
CUST-00105,ACC-MAD-04,Madrid,MAD-zona-04
CUST-00106,ACC-BCN-04,Barcelona,BCN-zona-04
CUST-00107,ACC-ZAR-06,Zaragoza,ZAR-zona-06
CUST-00108,ACC-ZAR-06,Zaragoza,ZAR-zona-06
CUST-00109,ACC-VAL-06,Valencia,VAL-zona-06
CUST-00110,ACC-SEV-02,Sevilla,SEV-zona-02
CUST-00111,ACC-VAL-01,Valencia,VAL-zona-01
CUST-00112,ACC-BCN-03,Barcelona,BCN-zona-03
CUST-00113,ACC-BCN-04,Barcelona,BCN-zona-04
CUST-00114,ACC-SEV-04,Sevilla,SEV-zona-04
CUST-00115,ACC-BIL-01,Bilbao,BIL-zona-01
CUST-00116,ACC-BIL-03,Bilbao,BIL-zona-03
CUST-00117,ACC-BIL-03,Bilbao,BIL-zona-03
CUST-00118,ACC-MAD-04,Madrid,MAD-zona-04
CUST-00119,ACC-VAL-03,Valencia,VAL-zona-03
CUST-00120,ACC-MAD-02,Madrid,MAD-zona-02
CUST-00121,ACC-VAL-05,Valencia,VAL-zona-05
CUST-00122,ACC-BCN-07,Barcelona,BCN-zona-07
CUST-00123,ACC-ZAR-02,Zaragoza,ZAR-zona-02
CUST-00124,ACC-BCN-05,Barcelona,BCN-zona-05
CUST-00125,ACC-MAD-04,Madrid,MAD-zona-04
CUST-00126,ACC-MAD-05,Madrid,MAD-zona-05
CUST-00127,ACC-BIL-02,Bilbao,BIL-zona-02
CUST-00128,ACC-SEV-01,Sevilla,SEV-zona-01
CUST-00129,ACC-MAD-04,Madrid,MAD-zona-04
CUST-00130,ACC-MAD-03,Madrid,MAD-zona-03
CUST-00131,ACC-SEV-05,Sevilla,SEV-zona-05
CUST-00132,ACC-MAD-03,Madrid,MAD-zona-03
CUST-00133,ACC-BIL-05,Bilbao,BIL-zona-05
CUST-00134,ACC-SEV-05,Sevilla,SEV-zona-05
CUST-00135,ACC-MAD-03,Madrid,MAD-zona-03
CUST-00136,ACC-MAD-03,Madrid,MAD-zona-03
CUST-00137,ACC-ZAR-07,Zaragoza,ZAR-zona-07
CUST-00138,ACC-BCN-06,Barcelona,BCN-zona-06
CUST-00139,ACC-BCN-06,Barcelona,BCN-zona-06
CUST-00140,ACC-BIL-05,Bilbao,BIL-zona-05
CUST-00141,ACC-ZAR-06,Zaragoza,ZAR-zona-06
CUST-00142,ACC-ZAR-07,Zaragoza,ZAR-zona-07
CUST-00143,ACC-BIL-01,Bilbao,BIL-zona-01
CUST-00144,ACC-BCN-06,Barcelona,BCN-zona-06
CUST-00145,ACC-MAD-03,Madrid,MAD-zona-03
CUST-00146,ACC-BIL-03,Bilbao,BIL-zona-03
CUST-00147,ACC-VAL-05,Valencia,VAL-zona-05
CUST-00148,ACC-BCN-07,Barcelona,BCN-zona-07
CUST-00149,ACC-ZAR-03,Zaragoza,ZAR-zona-03
CUST-00150,ACC-MAD-04,Madrid,MAD-zona-04
CUST-00151,ACC-VAL-03,Valencia,VAL-zona-03
CUST-00152,ACC-MAD-01,Madrid,MAD-zona-01
CUST-00153,ACC-VAL-02,Valencia,VAL-zona-02
CUST-00154,ACC-MAD-02,Madrid,MAD-zona-02
CUST-00155,ACC-MAD-04,Madrid,MAD-zona-04
CUST-00156,ACC-MAD-04,Madrid,MAD-zona-04
CUST-00157,ACC-SEV-03,Sevilla,SEV-zona-03
CUST-00158,ACC-BIL-01,Bilbao,BIL-zona-01
CUST-00159,ACC-VAL-07,Valencia,VAL-zona-07
CUST-00160,ACC-ZAR-06,Zaragoza,ZAR-zona-06
CUST-00161,ACC-BCN-06,Barcelona,BCN-zona-06
CUST-00162,ACC-BCN-03,Barcelona,BCN-zona-03
CUST-00163,ACC-ZAR-01,Zaragoza,ZAR-zona-01
CUST-00164,ACC-BCN-01,Barcelona,BCN-zona-01
CUST-00165,ACC-ZAR-06,Zaragoza,ZAR-zona-06
CUST-00166,ACC-MAD-01,Madrid,MAD-zona-01
CUST-00167,ACC-ZAR-07,Zaragoza,ZAR-zona-07
CUST-00168,ACC-MAD-02,Madrid,MAD-zona-02
CUST-00169,ACC-ZAR-02,Zaragoza,ZAR-zona-02
CUST-00170,ACC-VAL-04,Valencia,VAL-zona-04
CUST-00171,ACC-ZAR-07,Zaragoza,ZAR-zona-07
CUST-00172,ACC-MAD-03,Madrid,MAD-zona-03
CUST-00173,ACC-VAL-05,Valencia,VAL-zona-05
CUST-00174,ACC-ZAR-07,Zaragoza,ZAR-zona-07
CUST-00175,ACC-VAL-04,Valencia,VAL-zona-04
CUST-00176,ACC-SEV-02,Sevilla,SEV-zona-02
CUST-00177,ACC-SEV-05,Sevilla,SEV-zona-05
CUST-00178,ACC-VAL-01,Valencia,VAL-zona-01
CUST-00179,ACC-SEV-02,Sevilla,SEV-zona-02
CUST-00180,ACC-VAL-07,Valencia,VAL-zona-07
CUST-00181,ACC-ZAR-03,Zaragoza,ZAR-zona-03
CUST-00182,ACC-MAD-02,Madrid,MAD-zona-02
CUST-00183,ACC-BCN-03,Barcelona,BCN-zona-03
CUST-00184,ACC-ZAR-06,Zaragoza,ZAR-zona-06
CUST-00185,ACC-ZAR-02,Zaragoza,ZAR-zona-02
CUST-00186,ACC-VAL-01,Valencia,VAL-zona-01
CUST-00187,ACC-SEV-02,Sevilla,SEV-zona-02
CUST-00188,ACC-BCN-02,Barcelona,BCN-zona-02
CUST-00189,ACC-MAD-06,Madrid,MAD-zona-06
CUST-00190,ACC-VAL-01,Valencia,VAL-zona-01
CUST-00191,ACC-BCN-05,Barcelona,BCN-zona-05
CUST-00192,ACC-VAL-07,Valencia,VAL-zona-07
CUST-00193,ACC-MAD-03,Madrid,MAD-zona-03
CUST-00194,ACC-ZAR-07,Zaragoza,ZAR-zona-07
CUST-00195,ACC-ZAR-07,Zaragoza,ZAR-zona-07
CUST-00196,ACC-SEV-05,Sevilla,SEV-zona-05
CUST-00197,ACC-VAL-04,Valencia,VAL-zona-04
CUST-00198,ACC-BCN-03,Barcelona,BCN-zona-03
CUST-00199,ACC-BIL-05,Bilbao,BIL-zona-05
CUST-00200,ACC-SEV-04,Sevilla,SEV-zona-04
CUST-00201,ACC-MAD-05,Madrid,MAD-zona-05
CUST-00202,ACC-ZAR-04,Zaragoza,ZAR-zona-04
CUST-00203,ACC-BIL-05,Bilbao,BIL-zona-05
CUST-00204,ACC-ZAR-06,Zaragoza,ZAR-zona-06
CUST-00205,ACC-SEV-06,Sevilla,SEV-zona-06
CUST-00206,ACC-SEV-01,Sevilla,SEV-zona-01
CUST-00207,ACC-BCN-07,Barcelona,BCN-zona-07
CUST-00208,ACC-ZAR-05,Zaragoza,ZAR-zona-05
CUST-00209,ACC-ZAR-01,Zaragoza,ZAR-zona-01
CUST-00210,ACC-MAD-02,Madrid,MAD-zona-02
CUST-00211,ACC-MAD-01,Madrid,MAD-zona-01
CUST-00212,ACC-BCN-06,Barcelona,BCN-zona-06
CUST-00213,ACC-BIL-05,Bilbao,BIL-zona-05
CUST-00214,ACC-ZAR-07,Zaragoza,ZAR-zona-07
CUST-00215,ACC-MAD-05,Madrid,MAD-zona-05
CUST-00216,ACC-VAL-07,Valencia,VAL-zona-07
CUST-00217,ACC-BCN-06,Barcelona,BCN-zona-06
CUST-00218,ACC-ZAR-07,Zaragoza,ZAR-zona-07
CUST-00219,ACC-BIL-06,Bilbao,BIL-zona-06
CUST-00220,ACC-BIL-06,Bilbao,BIL-zona-06
CUST-00221,ACC-VAL-02,Valencia,VAL-zona-02
CUST-00222,ACC-BCN-07,Barcelona,BCN-zona-07
CUST-00223,ACC-BCN-02,Barcelona,BCN-zona-02
CUST-00224,ACC-MAD-02,Madrid,MAD-zona-02
CUST-00225,ACC-ZAR-01,Zaragoza,ZAR-zona-01
CUST-00226,ACC-BIL-05,Bilbao,BIL-zona-05
CUST-00227,ACC-ZAR-07,Zaragoza,ZAR-zona-07
CUST-00228,ACC-ZAR-07,Zaragoza,ZAR-zona-07
CUST-00229,ACC-VAL-05,Valencia,VAL-zona-05
CUST-00230,ACC-BIL-02,Bilbao,BIL-zona-02
CUST-00231,ACC-ZAR-06,Zaragoza,ZAR-zona-06
CUST-00232,ACC-BIL-07,Bilbao,BIL-zona-07
CUST-00233,ACC-BCN-01,Barcelona,BCN-zona-01
CUST-00234,ACC-VAL-01,Valencia,VAL-zona-01
CUST-00235,ACC-MAD-04,Madrid,MAD-zona-04
CUST-00236,ACC-ZAR-06,Zaragoza,ZAR-zona-06
CUST-00237,ACC-SEV-01,Sevilla,SEV-zona-01
CUST-00238,ACC-BCN-01,Barcelona,BCN-zona-01
CUST-00239,ACC-SEV-04,Sevilla,SEV-zona-04
CUST-00240,ACC-SEV-01,Sevilla,SEV-zona-01
CUST-00241,ACC-BCN-05,Barcelona,BCN-zona-05
CUST-00242,ACC-MAD-04,Madrid,MAD-zona-04
CUST-00243,ACC-SEV-04,Sevilla,SEV-zona-04
CUST-00244,ACC-VAL-04,Valencia,VAL-zona-04
CUST-00245,ACC-BIL-02,Bilbao,BIL-zona-02
CUST-00246,ACC-VAL-04,Valencia,VAL-zona-04
CUST-00247,ACC-BIL-07,Bilbao,BIL-zona-07
CUST-00248,ACC-VAL-05,Valencia,VAL-zona-05
CUST-00249,ACC-VAL-05,Valencia,VAL-zona-05
CUST-00250,ACC-ZAR-01,Zaragoza,ZAR-zona-01
CUST-00251,ACC-BCN-06,Barcelona,BCN-zona-06
CUST-00252,ACC-MAD-04,Madrid,MAD-zona-04
CUST-00253,ACC-MAD-02,Madrid,MAD-zona-02
CUST-00254,ACC-BIL-01,Bilbao,BIL-zona-01
CUST-00255,ACC-SEV-02,Sevilla,SEV-zona-02
CUST-00256,ACC-SEV-05,Sevilla,SEV-zona-05
CUST-00257,ACC-MAD-07,Madrid,MAD-zona-07
CUST-00258,ACC-MAD-04,Madrid,MAD-zona-04
CUST-00259,ACC-MAD-01,Madrid,MAD-zona-01
CUST-00260,ACC-BCN-05,Barcelona,BCN-zona-05
CUST-00261,ACC-VAL-07,Valencia,VAL-zona-07
CUST-00262,ACC-BCN-06,Barcelona,BCN-zona-06
CUST-00263,ACC-BCN-07,Barcelona,BCN-zona-07
CUST-00264,ACC-ZAR-03,Zaragoza,ZAR-zona-03
CUST-00265,ACC-BCN-05,Barcelona,BCN-zona-05
CUST-00266,ACC-VAL-03,Valencia,VAL-zona-03
CUST-00267,ACC-BIL-03,Bilbao,BIL-zona-03
CUST-00268,ACC-BCN-06,Barcelona,BCN-zona-06
CUST-00269,ACC-SEV-02,Sevilla,SEV-zona-02
CUST-00270,ACC-ZAR-01,Zaragoza,ZAR-zona-01
CUST-00271,ACC-ZAR-06,Zaragoza,ZAR-zona-06
CUST-00272,ACC-MAD-05,Madrid,MAD-zona-05
CUST-00273,ACC-ZAR-05,Zaragoza,ZAR-zona-05
CUST-00274,ACC-VAL-03,Valencia,VAL-zona-03
CUST-00275,ACC-BCN-02,Barcelona,BCN-zona-02
CUST-00276,ACC-VAL-01,Valencia,VAL-zona-01
CUST-00277,ACC-ZAR-07,Zaragoza,ZAR-zona-07
CUST-00278,ACC-VAL-03,Valencia,VAL-zona-03
CUST-00279,ACC-BCN-04,Barcelona,BCN-zona-04
CUST-00280,ACC-SEV-02,Sevilla,SEV-zona-02
CUST-00281,ACC-BCN-01,Barcelona,BCN-zona-01
CUST-00282,ACC-MAD-03,Madrid,MAD-zona-03
CUST-00283,ACC-MAD-04,Madrid,MAD-zona-04
CUST-00284,ACC-MAD-04,Madrid,MAD-zona-04
CUST-00285,ACC-MAD-05,Madrid,MAD-zona-05
CUST-00286,ACC-MAD-04,Madrid,MAD-zona-04
CUST-00287,ACC-SEV-02,Sevilla,SEV-zona-02
CUST-00288,ACC-MAD-06,Madrid,MAD-zona-06
CUST-00289,ACC-BCN-05,Barcelona,BCN-zona-05
CUST-00290,ACC-ZAR-03,Zaragoza,ZAR-zona-03
CUST-00291,ACC-VAL-02,Valencia,VAL-zona-02
CUST-00292,ACC-SEV-03,Sevilla,SEV-zona-03
CUST-00293,ACC-MAD-06,Madrid,MAD-zona-06
CUST-00294,ACC-MAD-06,Madrid,MAD-zona-06
CUST-00295,ACC-MAD-02,Madrid,MAD-zona-02
CUST-00296,ACC-MAD-05,Madrid,MAD-zona-05
CUST-00297,ACC-BCN-02,Barcelona,BCN-zona-02
CUST-00298,ACC-MAD-06,Madrid,MAD-zona-06
CUST-00299,ACC-MAD-03,Madrid,MAD-zona-03
CUST-00300,ACC-MAD-04,Madrid,MAD-zona-04
CUST-00301,ACC-VAL-01,Valencia,VAL-zona-01
CUST-00302,ACC-MAD-07,Madrid,MAD-zona-07
CUST-00303,ACC-BCN-05,Barcelona,BCN-zona-05
CUST-00304,ACC-VAL-03,Valencia,VAL-zona-03
CUST-00305,ACC-SEV-05,Sevilla,SEV-zona-05
CUST-00306,ACC-MAD-02,Madrid,MAD-zona-02
CUST-00307,ACC-BIL-04,Bilbao,BIL-zona-04
CUST-00308,ACC-SEV-02,Sevilla,SEV-zona-02
CUST-00309,ACC-MAD-03,Madrid,MAD-zona-03
CUST-00310,ACC-ZAR-01,Zaragoza,ZAR-zona-01
CUST-00311,ACC-ZAR-04,Zaragoza,ZAR-zona-04
CUST-00312,ACC-MAD-03,Madrid,MAD-zona-03
CUST-00313,ACC-BCN-02,Barcelona,BCN-zona-02
CUST-00314,ACC-BIL-04,Bilbao,BIL-zona-04
CUST-00315,ACC-BIL-01,Bilbao,BIL-zona-01
CUST-00316,ACC-MAD-06,Madrid,MAD-zona-06
CUST-00317,ACC-MAD-07,Madrid,MAD-zona-07
CUST-00318,ACC-BCN-06,Barcelona,BCN-zona-06
CUST-00319,ACC-VAL-02,Valencia,VAL-zona-02
CUST-00320,ACC-SEV-01,Sevilla,SEV-zona-01
CUST-00321,ACC-BCN-06,Barcelona,BCN-zona-06
CUST-00322,ACC-VAL-01,Valencia,VAL-zona-01
CUST-00323,ACC-BIL-01,Bilbao,BIL-zona-01
CUST-00324,ACC-MAD-02,Madrid,MAD-zona-02
CUST-00325,ACC-BCN-02,Barcelona,BCN-zona-02
CUST-00326,ACC-SEV-06,Sevilla,SEV-zona-06
CUST-00327,ACC-ZAR-03,Zaragoza,ZAR-zona-03
CUST-00328,ACC-VAL-03,Valencia,VAL-zona-03
CUST-00329,ACC-VAL-04,Valencia,VAL-zona-04
CUST-00330,ACC-MAD-04,Madrid,MAD-zona-04
CUST-00331,ACC-VAL-01,Valencia,VAL-zona-01
CUST-00332,ACC-VAL-04,Valencia,VAL-zona-04
CUST-00333,ACC-BCN-01,Barcelona,BCN-zona-01
CUST-00334,ACC-BCN-02,Barcelona,BCN-zona-02
CUST-00335,ACC-BCN-06,Barcelona,BCN-zona-06
CUST-00336,ACC-MAD-01,Madrid,MAD-zona-01
CUST-00337,ACC-BCN-04,Barcelona,BCN-zona-04
CUST-00338,ACC-MAD-07,Madrid,MAD-zona-07
CUST-00339,ACC-BCN-04,Barcelona,BCN-zona-04
CUST-00340,ACC-MAD-04,Madrid,MAD-zona-04
CUST-00341,ACC-ZAR-02,Zaragoza,ZAR-zona-02
CUST-00342,ACC-VAL-07,Valencia,VAL-zona-07
CUST-00343,ACC-SEV-04,Sevilla,SEV-zona-04
CUST-00344,ACC-BIL-03,Bilbao,BIL-zona-03
CUST-00345,ACC-VAL-03,Valencia,VAL-zona-03
CUST-00346,ACC-MAD-03,Madrid,MAD-zona-03
CUST-00347,ACC-VAL-04,Valencia,VAL-zona-04
CUST-00348,ACC-VAL-07,Valencia,VAL-zona-07
CUST-00349,ACC-BIL-01,Bilbao,BIL-zona-01
CUST-00350,ACC-BCN-07,Barcelona,BCN-zona-07
CUST-00351,ACC-MAD-04,Madrid,MAD-zona-04
CUST-00352,ACC-BCN-03,Barcelona,BCN-zona-03
CUST-00353,ACC-BCN-05,Barcelona,BCN-zona-05
CUST-00354,ACC-SEV-02,Sevilla,SEV-zona-02
CUST-00355,ACC-VAL-06,Valencia,VAL-zona-06
CUST-00356,ACC-BCN-05,Barcelona,BCN-zona-05
CUST-00357,ACC-ZAR-07,Zaragoza,ZAR-zona-07
CUST-00358,ACC-SEV-01,Sevilla,SEV-zona-01
CUST-00359,ACC-BCN-01,Barcelona,BCN-zona-01
CUST-00360,ACC-MAD-04,Madrid,MAD-zona-04
CUST-00361,ACC-MAD-05,Madrid,MAD-zona-05
CUST-00362,ACC-BCN-01,Barcelona,BCN-zona-01
CUST-00363,ACC-MAD-05,Madrid,MAD-zona-05
CUST-00364,ACC-MAD-06,Madrid,MAD-zona-06
CUST-00365,ACC-BCN-03,Barcelona,BCN-zona-03
CUST-00366,ACC-MAD-06,Madrid,MAD-zona-06
CUST-00367,ACC-ZAR-03,Zaragoza,ZAR-zona-03
CUST-00368,ACC-MAD-03,Madrid,MAD-zona-03
CUST-00369,ACC-VAL-04,Valencia,VAL-zona-04
CUST-00370,ACC-BCN-06,Barcelona,BCN-zona-06
CUST-00371,ACC-ZAR-07,Zaragoza,ZAR-zona-07
CUST-00372,ACC-MAD-04,Madrid,MAD-zona-04
CUST-00373,ACC-BCN-06,Barcelona,BCN-zona-06
CUST-00374,ACC-ZAR-07,Zaragoza,ZAR-zona-07
CUST-00375,ACC-ZAR-01,Zaragoza,ZAR-zona-01
CUST-00376,ACC-BIL-05,Bilbao,BIL-zona-05
CUST-00377,ACC-BCN-02,Barcelona,BCN-zona-02
CUST-00378,ACC-MAD-05,Madrid,MAD-zona-05
CUST-00379,ACC-SEV-04,Sevilla,SEV-zona-04
CUST-00380,ACC-ZAR-05,Zaragoza,ZAR-zona-05
CUST-00381,ACC-VAL-05,Valencia,VAL-zona-05
CUST-00382,ACC-VAL-06,Valencia,VAL-zona-06
CUST-00383,ACC-BCN-02,Barcelona,BCN-zona-02
CUST-00384,ACC-BIL-02,Bilbao,BIL-zona-02
CUST-00385,ACC-MAD-06,Madrid,MAD-zona-06
CUST-00386,ACC-BCN-04,Barcelona,BCN-zona-04
CUST-00387,ACC-BCN-07,Barcelona,BCN-zona-07
CUST-00388,ACC-VAL-03,Valencia,VAL-zona-03
CUST-00389,ACC-BCN-01,Barcelona,BCN-zona-01
CUST-00390,ACC-MAD-04,Madrid,MAD-zona-04
CUST-00391,ACC-SEV-01,Sevilla,SEV-zona-01
CUST-00392,ACC-BCN-03,Barcelona,BCN-zona-03
CUST-00393,ACC-VAL-07,Valencia,VAL-zona-07
CUST-00394,ACC-MAD-05,Madrid,MAD-zona-05
CUST-00395,ACC-VAL-02,Valencia,VAL-zona-02
CUST-00396,ACC-VAL-04,Valencia,VAL-zona-04
CUST-00397,ACC-MAD-02,Madrid,MAD-zona-02
CUST-00398,ACC-BCN-04,Barcelona,BCN-zona-04
CUST-00399,ACC-MAD-04,Madrid,MAD-zona-04
CUST-00400,ACC-MAD-03,Madrid,MAD-zona-03
CUST-00401,ACC-ZAR-07,Zaragoza,ZAR-zona-07
CUST-00402,ACC-BCN-04,Barcelona,BCN-zona-04
CUST-00403,ACC-BIL-05,Bilbao,BIL-zona-05
CUST-00404,ACC-BCN-02,Barcelona,BCN-zona-02
CUST-00405,ACC-SEV-04,Sevilla,SEV-zona-04
CUST-00406,ACC-BIL-02,Bilbao,BIL-zona-02
CUST-00407,ACC-VAL-07,Valencia,VAL-zona-07
CUST-00408,ACC-VAL-02,Valencia,VAL-zona-02
CUST-00409,ACC-BCN-06,Barcelona,BCN-zona-06
CUST-00410,ACC-BCN-05,Barcelona,BCN-zona-05
CUST-00411,ACC-ZAR-05,Zaragoza,ZAR-zona-05
CUST-00412,ACC-BIL-06,Bilbao,BIL-zona-06
CUST-00413,ACC-ZAR-07,Zaragoza,ZAR-zona-07
CUST-00414,ACC-MAD-04,Madrid,MAD-zona-04
CUST-00415,ACC-SEV-07,Sevilla,SEV-zona-07
CUST-00416,ACC-ZAR-05,Zaragoza,ZAR-zona-05
CUST-00417,ACC-MAD-06,Madrid,MAD-zona-06
CUST-00418,ACC-MAD-03,Madrid,MAD-zona-03
CUST-00419,ACC-SEV-07,Sevilla,SEV-zona-07
CUST-00420,ACC-VAL-06,Valencia,VAL-zona-06
CUST-00421,ACC-BIL-06,Bilbao,BIL-zona-06
CUST-00422,ACC-MAD-04,Madrid,MAD-zona-04
CUST-00423,ACC-BIL-04,Bilbao,BIL-zona-04
CUST-00424,ACC-MAD-07,Madrid,MAD-zona-07
CUST-00425,ACC-MAD-05,Madrid,MAD-zona-05
CUST-00426,ACC-MAD-05,Madrid,MAD-zona-05
CUST-00427,ACC-BIL-05,Bilbao,BIL-zona-05
CUST-00428,ACC-SEV-03,Sevilla,SEV-zona-03
CUST-00429,ACC-VAL-04,Valencia,VAL-zona-04
CUST-00430,ACC-BCN-05,Barcelona,BCN-zona-05
CUST-00431,ACC-ZAR-01,Zaragoza,ZAR-zona-01
CUST-00432,ACC-BCN-06,Barcelona,BCN-zona-06
CUST-00433,ACC-BIL-05,Bilbao,BIL-zona-05
CUST-00434,ACC-BCN-07,Barcelona,BCN-zona-07
CUST-00435,ACC-BCN-06,Barcelona,BCN-zona-06
CUST-00436,ACC-VAL-01,Valencia,VAL-zona-01
CUST-00437,ACC-BCN-03,Barcelona,BCN-zona-03
CUST-00438,ACC-BIL-01,Bilbao,BIL-zona-01
CUST-00439,ACC-VAL-03,Valencia,VAL-zona-03
CUST-00440,ACC-BCN-01,Barcelona,BCN-zona-01
CUST-00441,ACC-ZAR-03,Zaragoza,ZAR-zona-03
CUST-00442,ACC-BCN-06,Barcelona,BCN-zona-06
CUST-00443,ACC-VAL-05,Valencia,VAL-zona-05
CUST-00444,ACC-ZAR-03,Zaragoza,ZAR-zona-03
CUST-00445,ACC-SEV-02,Sevilla,SEV-zona-02
CUST-00446,ACC-MAD-04,Madrid,MAD-zona-04
CUST-00447,ACC-ZAR-05,Zaragoza,ZAR-zona-05
CUST-00448,ACC-SEV-02,Sevilla,SEV-zona-02
CUST-00449,ACC-BCN-04,Barcelona,BCN-zona-04
CUST-00450,ACC-MAD-04,Madrid,MAD-zona-04
CUST-00451,ACC-BIL-04,Bilbao,BIL-zona-04
CUST-00452,ACC-SEV-02,Sevilla,SEV-zona-02
CUST-00453,ACC-VAL-04,Valencia,VAL-zona-04
CUST-00454,ACC-ZAR-03,Zaragoza,ZAR-zona-03
CUST-00455,ACC-BIL-03,Bilbao,BIL-zona-03
CUST-00456,ACC-MAD-05,Madrid,MAD-zona-05
CUST-00457,ACC-BCN-04,Barcelona,BCN-zona-04
CUST-00458,ACC-BCN-01,Barcelona,BCN-zona-01
CUST-00459,ACC-BIL-01,Bilbao,BIL-zona-01
CUST-00460,ACC-MAD-02,Madrid,MAD-zona-02
CUST-00461,ACC-VAL-06,Valencia,VAL-zona-06
CUST-00462,ACC-BIL-02,Bilbao,BIL-zona-02
CUST-00463,ACC-ZAR-01,Zaragoza,ZAR-zona-01
CUST-00464,ACC-BCN-04,Barcelona,BCN-zona-04
CUST-00465,ACC-BIL-05,Bilbao,BIL-zona-05
CUST-00466,ACC-MAD-04,Madrid,MAD-zona-04
CUST-00467,ACC-BIL-07,Bilbao,BIL-zona-07
CUST-00468,ACC-MAD-04,Madrid,MAD-zona-04
CUST-00469,ACC-BCN-06,Barcelona,BCN-zona-06
CUST-00470,ACC-BIL-04,Bilbao,BIL-zona-04
CUST-00471,ACC-MAD-05,Madrid,MAD-zona-05
CUST-00472,ACC-BCN-01,Barcelona,BCN-zona-01
CUST-00473,ACC-SEV-06,Sevilla,SEV-zona-06
CUST-00474,ACC-SEV-06,Sevilla,SEV-zona-06
CUST-00475,ACC-SEV-02,Sevilla,SEV-zona-02
CUST-00476,ACC-SEV-05,Sevilla,SEV-zona-05
CUST-00477,ACC-VAL-05,Valencia,VAL-zona-05
CUST-00478,ACC-BCN-02,Barcelona,BCN-zona-02
CUST-00479,ACC-BCN-05,Barcelona,BCN-zona-05
CUST-00480,ACC-MAD-06,Madrid,MAD-zona-06
CUST-00481,ACC-ZAR-04,Zaragoza,ZAR-zona-04
CUST-00482,ACC-VAL-07,Valencia,VAL-zona-07
CUST-00483,ACC-BCN-06,Barcelona,BCN-zona-06
CUST-00484,ACC-VAL-01,Valencia,VAL-zona-01
CUST-00485,ACC-ZAR-06,Zaragoza,ZAR-zona-06
CUST-00486,ACC-MAD-05,Madrid,MAD-zona-05
CUST-00487,ACC-VAL-07,Valencia,VAL-zona-07
CUST-00488,ACC-VAL-03,Valencia,VAL-zona-03
CUST-00489,ACC-SEV-01,Sevilla,SEV-zona-01
CUST-00490,ACC-MAD-01,Madrid,MAD-zona-01
CUST-00491,ACC-ZAR-01,Zaragoza,ZAR-zona-01
CUST-00492,ACC-ZAR-05,Zaragoza,ZAR-zona-05
CUST-00493,ACC-VAL-06,Valencia,VAL-zona-06
CUST-00494,ACC-SEV-05,Sevilla,SEV-zona-05
CUST-00495,ACC-ZAR-04,Zaragoza,ZAR-zona-04
CUST-00496,ACC-SEV-06,Sevilla,SEV-zona-06
CUST-00497,ACC-MAD-05,Madrid,MAD-zona-05
CUST-00498,ACC-VAL-06,Valencia,VAL-zona-06
CUST-00499,ACC-SEV-01,Sevilla,SEV-zona-01
CUST-00500,ACC-BCN-07,Barcelona,BCN-zona-07
CUST-00501,ACC-SEV-07,Sevilla,SEV-zona-07
CUST-00502,ACC-ZAR-05,Zaragoza,ZAR-zona-05
CUST-00503,ACC-ZAR-05,Zaragoza,ZAR-zona-05
CUST-00504,ACC-VAL-01,Valencia,VAL-zona-01
CUST-00505,ACC-MAD-04,Madrid,MAD-zona-04
CUST-00506,ACC-ZAR-07,Zaragoza,ZAR-zona-07
CUST-00507,ACC-BIL-06,Bilbao,BIL-zona-06
CUST-00508,ACC-MAD-04,Madrid,MAD-zona-04
CUST-00509,ACC-ZAR-04,Zaragoza,ZAR-zona-04
CUST-00510,ACC-ZAR-01,Zaragoza,ZAR-zona-01
CUST-00511,ACC-VAL-04,Valencia,VAL-zona-04
CUST-00512,ACC-VAL-07,Valencia,VAL-zona-07
CUST-00513,ACC-BCN-06,Barcelona,BCN-zona-06
CUST-00514,ACC-MAD-02,Madrid,MAD-zona-02
CUST-00515,ACC-BCN-04,Barcelona,BCN-zona-04
CUST-00516,ACC-BIL-04,Bilbao,BIL-zona-04
CUST-00517,ACC-MAD-01,Madrid,MAD-zona-01
CUST-00518,ACC-BCN-04,Barcelona,BCN-zona-04
CUST-00519,ACC-BCN-06,Barcelona,BCN-zona-06
CUST-00520,ACC-VAL-04,Valencia,VAL-zona-04
CUST-00521,ACC-ZAR-04,Zaragoza,ZAR-zona-04
CUST-00522,ACC-BCN-05,Barcelona,BCN-zona-05
CUST-00523,ACC-BCN-05,Barcelona,BCN-zona-05
CUST-00524,ACC-SEV-07,Sevilla,SEV-zona-07
CUST-00525,ACC-VAL-01,Valencia,VAL-zona-01
CUST-00526,ACC-BCN-01,Barcelona,BCN-zona-01
CUST-00527,ACC-VAL-01,Valencia,VAL-zona-01
CUST-00528,ACC-MAD-04,Madrid,MAD-zona-04
CUST-00529,ACC-MAD-06,Madrid,MAD-zona-06
CUST-00530,ACC-VAL-03,Valencia,VAL-zona-03
CUST-00531,ACC-BCN-07,Barcelona,BCN-zona-07
CUST-00532,ACC-ZAR-04,Zaragoza,ZAR-zona-04
CUST-00533,ACC-BCN-05,Barcelona,BCN-zona-05
CUST-00534,ACC-VAL-06,Valencia,VAL-zona-06
CUST-00535,ACC-SEV-02,Sevilla,SEV-zona-02
CUST-00536,ACC-MAD-01,Madrid,MAD-zona-01
CUST-00537,ACC-SEV-03,Sevilla,SEV-zona-03
CUST-00538,ACC-MAD-06,Madrid,MAD-zona-06
CUST-00539,ACC-ZAR-06,Zaragoza,ZAR-zona-06
CUST-00540,ACC-MAD-05,Madrid,MAD-zona-05
CUST-00541,ACC-BCN-07,Barcelona,BCN-zona-07
CUST-00542,ACC-MAD-03,Madrid,MAD-zona-03
CUST-00543,ACC-ZAR-07,Zaragoza,ZAR-zona-07
CUST-00544,ACC-VAL-03,Valencia,VAL-zona-03
CUST-00545,ACC-VAL-07,Valencia,VAL-zona-07
CUST-00546,ACC-MAD-03,Madrid,MAD-zona-03
CUST-00547,ACC-BIL-01,Bilbao,BIL-zona-01
CUST-00548,ACC-MAD-07,Madrid,MAD-zona-07
CUST-00549,ACC-ZAR-03,Zaragoza,ZAR-zona-03
CUST-00550,ACC-MAD-07,Madrid,MAD-zona-07
CUST-00551,ACC-MAD-06,Madrid,MAD-zona-06
CUST-00552,ACC-MAD-02,Madrid,MAD-zona-02
CUST-00553,ACC-VAL-02,Valencia,VAL-zona-02
CUST-00554,ACC-VAL-06,Valencia,VAL-zona-06
CUST-00555,ACC-MAD-03,Madrid,MAD-zona-03
CUST-00556,ACC-BIL-02,Bilbao,BIL-zona-02
CUST-00557,ACC-VAL-01,Valencia,VAL-zona-01
CUST-00558,ACC-VAL-04,Valencia,VAL-zona-04
CUST-00559,ACC-BCN-07,Barcelona,BCN-zona-07
CUST-00560,ACC-BCN-06,Barcelona,BCN-zona-06
CUST-00561,ACC-VAL-05,Valencia,VAL-zona-05
CUST-00562,ACC-MAD-05,Madrid,MAD-zona-05
CUST-00563,ACC-MAD-06,Madrid,MAD-zona-06
CUST-00564,ACC-ZAR-01,Zaragoza,ZAR-zona-01
CUST-00565,ACC-ZAR-06,Zaragoza,ZAR-zona-06
CUST-00566,ACC-BCN-06,Barcelona,BCN-zona-06
CUST-00567,ACC-BCN-02,Barcelona,BCN-zona-02
CUST-00568,ACC-SEV-02,Sevilla,SEV-zona-02
CUST-00569,ACC-BCN-06,Barcelona,BCN-zona-06
CUST-00570,ACC-MAD-01,Madrid,MAD-zona-01
CUST-00571,ACC-MAD-05,Madrid,MAD-zona-05
CUST-00572,ACC-SEV-06,Sevilla,SEV-zona-06
CUST-00573,ACC-SEV-03,Sevilla,SEV-zona-03
CUST-00574,ACC-MAD-01,Madrid,MAD-zona-01
CUST-00575,ACC-BCN-01,Barcelona,BCN-zona-01
CUST-00576,ACC-BCN-01,Barcelona,BCN-zona-01
CUST-00577,ACC-SEV-04,Sevilla,SEV-zona-04
CUST-00578,ACC-MAD-01,Madrid,MAD-zona-01
CUST-00579,ACC-MAD-04,Madrid,MAD-zona-04
CUST-00580,ACC-BIL-04,Bilbao,BIL-zona-04
CUST-00581,ACC-MAD-06,Madrid,MAD-zona-06
CUST-00582,ACC-SEV-03,Sevilla,SEV-zona-03
CUST-00583,ACC-BCN-01,Barcelona,BCN-zona-01
CUST-00584,ACC-MAD-04,Madrid,MAD-zona-04
CUST-00585,ACC-BCN-01,Barcelona,BCN-zona-01
CUST-00586,ACC-SEV-06,Sevilla,SEV-zona-06
CUST-00587,ACC-BIL-07,Bilbao,BIL-zona-07
CUST-00588,ACC-BIL-06,Bilbao,BIL-zona-06
CUST-00589,ACC-BCN-06,Barcelona,BCN-zona-06
CUST-00590,ACC-SEV-04,Sevilla,SEV-zona-04
CUST-00591,ACC-MAD-07,Madrid,MAD-zona-07
CUST-00592,ACC-BCN-03,Barcelona,BCN-zona-03
CUST-00593,ACC-ZAR-03,Zaragoza,ZAR-zona-03
CUST-00594,ACC-MAD-01,Madrid,MAD-zona-01
CUST-00595,ACC-MAD-03,Madrid,MAD-zona-03
CUST-00596,ACC-MAD-07,Madrid,MAD-zona-07
CUST-00597,ACC-MAD-01,Madrid,MAD-zona-01
CUST-00598,ACC-MAD-06,Madrid,MAD-zona-06
CUST-00599,ACC-VAL-07,Valencia,VAL-zona-07
CUST-00600,ACC-BCN-07,Barcelona,BCN-zona-07
CUST-00601,ACC-ZAR-03,Zaragoza,ZAR-zona-03
CUST-00602,ACC-BIL-05,Bilbao,BIL-zona-05
CUST-00603,ACC-BCN-04,Barcelona,BCN-zona-04
CUST-00604,ACC-BCN-02,Barcelona,BCN-zona-02
CUST-00605,ACC-BCN-06,Barcelona,BCN-zona-06
CUST-00606,ACC-VAL-07,Valencia,VAL-zona-07
CUST-00607,ACC-BCN-02,Barcelona,BCN-zona-02
CUST-00608,ACC-SEV-02,Sevilla,SEV-zona-02
CUST-00609,ACC-BCN-06,Barcelona,BCN-zona-06
CUST-00610,ACC-VAL-05,Valencia,VAL-zona-05
CUST-00611,ACC-BCN-07,Barcelona,BCN-zona-07
CUST-00612,ACC-BCN-03,Barcelona,BCN-zona-03
CUST-00613,ACC-ZAR-06,Zaragoza,ZAR-zona-06
CUST-00614,ACC-BIL-02,Bilbao,BIL-zona-02
CUST-00615,ACC-MAD-04,Madrid,MAD-zona-04
CUST-00616,ACC-ZAR-01,Zaragoza,ZAR-zona-01
CUST-00617,ACC-VAL-02,Valencia,VAL-zona-02
CUST-00618,ACC-ZAR-03,Zaragoza,ZAR-zona-03
CUST-00619,ACC-BIL-04,Bilbao,BIL-zona-04
CUST-00620,ACC-BCN-07,Barcelona,BCN-zona-07
CUST-00621,ACC-MAD-01,Madrid,MAD-zona-01
CUST-00622,ACC-BCN-02,Barcelona,BCN-zona-02
CUST-00623,ACC-VAL-05,Valencia,VAL-zona-05
CUST-00624,ACC-SEV-02,Sevilla,SEV-zona-02
CUST-00625,ACC-BCN-02,Barcelona,BCN-zona-02
CUST-00626,ACC-MAD-04,Madrid,MAD-zona-04
CUST-00627,ACC-BIL-06,Bilbao,BIL-zona-06
CUST-00628,ACC-ZAR-07,Zaragoza,ZAR-zona-07
CUST-00629,ACC-VAL-04,Valencia,VAL-zona-04
CUST-00630,ACC-MAD-05,Madrid,MAD-zona-05
CUST-00631,ACC-BCN-02,Barcelona,BCN-zona-02
CUST-00632,ACC-MAD-01,Madrid,MAD-zona-01
CUST-00633,ACC-ZAR-04,Zaragoza,ZAR-zona-04
CUST-00634,ACC-MAD-04,Madrid,MAD-zona-04
CUST-00635,ACC-VAL-06,Valencia,VAL-zona-06
CUST-00636,ACC-BCN-02,Barcelona,BCN-zona-02
CUST-00637,ACC-VAL-05,Valencia,VAL-zona-05
CUST-00638,ACC-SEV-03,Sevilla,SEV-zona-03
CUST-00639,ACC-BIL-06,Bilbao,BIL-zona-06
CUST-00640,ACC-MAD-07,Madrid,MAD-zona-07
CUST-00641,ACC-MAD-01,Madrid,MAD-zona-01
CUST-00642,ACC-MAD-04,Madrid,MAD-zona-04
CUST-00643,ACC-ZAR-03,Zaragoza,ZAR-zona-03
CUST-00644,ACC-ZAR-01,Zaragoza,ZAR-zona-01
CUST-00645,ACC-VAL-07,Valencia,VAL-zona-07
CUST-00646,ACC-SEV-01,Sevilla,SEV-zona-01
CUST-00647,ACC-SEV-03,Sevilla,SEV-zona-03
CUST-00648,ACC-MAD-06,Madrid,MAD-zona-06
CUST-00649,ACC-ZAR-04,Zaragoza,ZAR-zona-04
CUST-00650,ACC-BCN-07,Barcelona,BCN-zona-07
CUST-00651,ACC-BCN-06,Barcelona,BCN-zona-06
CUST-00652,ACC-VAL-04,Valencia,VAL-zona-04
CUST-00653,ACC-MAD-02,Madrid,MAD-zona-02
CUST-00654,ACC-MAD-05,Madrid,MAD-zona-05
CUST-00655,ACC-SEV-07,Sevilla,SEV-zona-07
CUST-00656,ACC-MAD-03,Madrid,MAD-zona-03
CUST-00657,ACC-SEV-01,Sevilla,SEV-zona-01
CUST-00658,ACC-BCN-01,Barcelona,BCN-zona-01
CUST-00659,ACC-BCN-06,Barcelona,BCN-zona-06
CUST-00660,ACC-BCN-03,Barcelona,BCN-zona-03
CUST-00661,ACC-BCN-05,Barcelona,BCN-zona-05
CUST-00662,ACC-SEV-06,Sevilla,SEV-zona-06
CUST-00663,ACC-BCN-03,Barcelona,BCN-zona-03
CUST-00664,ACC-VAL-06,Valencia,VAL-zona-06
CUST-00665,ACC-VAL-02,Valencia,VAL-zona-02
CUST-00666,ACC-SEV-03,Sevilla,SEV-zona-03
CUST-00667,ACC-ZAR-05,Zaragoza,ZAR-zona-05
CUST-00668,ACC-SEV-07,Sevilla,SEV-zona-07
CUST-00669,ACC-MAD-07,Madrid,MAD-zona-07
CUST-00670,ACC-MAD-02,Madrid,MAD-zona-02
CUST-00671,ACC-BCN-02,Barcelona,BCN-zona-02
CUST-00672,ACC-VAL-07,Valencia,VAL-zona-07
CUST-00673,ACC-MAD-02,Madrid,MAD-zona-02
CUST-00674,ACC-VAL-03,Valencia,VAL-zona-03
CUST-00675,ACC-VAL-07,Valencia,VAL-zona-07
CUST-00676,ACC-BCN-04,Barcelona,BCN-zona-04
CUST-00677,ACC-BIL-02,Bilbao,BIL-zona-02
CUST-00678,ACC-MAD-04,Madrid,MAD-zona-04
CUST-00679,ACC-MAD-03,Madrid,MAD-zona-03
CUST-00680,ACC-SEV-06,Sevilla,SEV-zona-06
CUST-00681,ACC-VAL-03,Valencia,VAL-zona-03
CUST-00682,ACC-SEV-04,Sevilla,SEV-zona-04
CUST-00683,ACC-BCN-07,Barcelona,BCN-zona-07
CUST-00684,ACC-BCN-01,Barcelona,BCN-zona-01
CUST-00685,ACC-BIL-05,Bilbao,BIL-zona-05
CUST-00686,ACC-BIL-04,Bilbao,BIL-zona-04
CUST-00687,ACC-SEV-05,Sevilla,SEV-zona-05
CUST-00688,ACC-BCN-02,Barcelona,BCN-zona-02
CUST-00689,ACC-VAL-07,Valencia,VAL-zona-07
CUST-00690,ACC-BCN-05,Barcelona,BCN-zona-05
CUST-00691,ACC-MAD-04,Madrid,MAD-zona-04
CUST-00692,ACC-ZAR-04,Zaragoza,ZAR-zona-04
CUST-00693,ACC-MAD-04,Madrid,MAD-zona-04
CUST-00694,ACC-ZAR-06,Zaragoza,ZAR-zona-06
CUST-00695,ACC-VAL-01,Valencia,VAL-zona-01
CUST-00696,ACC-MAD-06,Madrid,MAD-zona-06
CUST-00697,ACC-VAL-05,Valencia,VAL-zona-05
CUST-00698,ACC-ZAR-01,Zaragoza,ZAR-zona-01
CUST-00699,ACC-SEV-07,Sevilla,SEV-zona-07
CUST-00700,ACC-BIL-04,Bilbao,BIL-zona-04
CUST-00701,ACC-SEV-03,Sevilla,SEV-zona-03
CUST-00702,ACC-SEV-05,Sevilla,SEV-zona-05
CUST-00703,ACC-BIL-07,Bilbao,BIL-zona-07
CUST-00704,ACC-BCN-01,Barcelona,BCN-zona-01
CUST-00705,ACC-VAL-02,Valencia,VAL-zona-02
CUST-00706,ACC-BCN-01,Barcelona,BCN-zona-01
CUST-00707,ACC-ZAR-07,Zaragoza,ZAR-zona-07
CUST-00708,ACC-ZAR-06,Zaragoza,ZAR-zona-06
CUST-00709,ACC-MAD-02,Madrid,MAD-zona-02
CUST-00710,ACC-SEV-05,Sevilla,SEV-zona-05
CUST-00711,ACC-ZAR-05,Zaragoza,ZAR-zona-05
CUST-00712,ACC-MAD-06,Madrid,MAD-zona-06
CUST-00713,ACC-VAL-06,Valencia,VAL-zona-06
CUST-00714,ACC-ZAR-04,Zaragoza,ZAR-zona-04
CUST-00715,ACC-MAD-02,Madrid,MAD-zona-02
CUST-00716,ACC-SEV-05,Sevilla,SEV-zona-05
CUST-00717,ACC-BCN-03,Barcelona,BCN-zona-03
CUST-00718,ACC-ZAR-04,Zaragoza,ZAR-zona-04
CUST-00719,ACC-ZAR-07,Zaragoza,ZAR-zona-07
CUST-00720,ACC-ZAR-06,Zaragoza,ZAR-zona-06
CUST-00721,ACC-VAL-02,Valencia,VAL-zona-02
CUST-00722,ACC-ZAR-01,Zaragoza,ZAR-zona-01
CUST-00723,ACC-BIL-07,Bilbao,BIL-zona-07
CUST-00724,ACC-BCN-04,Barcelona,BCN-zona-04
CUST-00725,ACC-BIL-06,Bilbao,BIL-zona-06
CUST-00726,ACC-MAD-02,Madrid,MAD-zona-02
CUST-00727,ACC-VAL-07,Valencia,VAL-zona-07
CUST-00728,ACC-BCN-01,Barcelona,BCN-zona-01
CUST-00729,ACC-MAD-04,Madrid,MAD-zona-04
CUST-00730,ACC-MAD-03,Madrid,MAD-zona-03
CUST-00731,ACC-SEV-05,Sevilla,SEV-zona-05
CUST-00732,ACC-BCN-04,Barcelona,BCN-zona-04
CUST-00733,ACC-SEV-06,Sevilla,SEV-zona-06
CUST-00734,ACC-MAD-03,Madrid,MAD-zona-03
CUST-00735,ACC-BCN-04,Barcelona,BCN-zona-04
CUST-00736,ACC-VAL-04,Valencia,VAL-zona-04
CUST-00737,ACC-BIL-03,Bilbao,BIL-zona-03
CUST-00738,ACC-BCN-04,Barcelona,BCN-zona-04
CUST-00739,ACC-SEV-02,Sevilla,SEV-zona-02
CUST-00740,ACC-ZAR-02,Zaragoza,ZAR-zona-02
CUST-00741,ACC-SEV-01,Sevilla,SEV-zona-01
CUST-00742,ACC-BCN-01,Barcelona,BCN-zona-01
CUST-00743,ACC-MAD-01,Madrid,MAD-zona-01
CUST-00744,ACC-ZAR-01,Zaragoza,ZAR-zona-01
CUST-00745,ACC-MAD-01,Madrid,MAD-zona-01
CUST-00746,ACC-ZAR-01,Zaragoza,ZAR-zona-01
CUST-00747,ACC-VAL-04,Valencia,VAL-zona-04
CUST-00748,ACC-ZAR-05,Zaragoza,ZAR-zona-05
CUST-00749,ACC-BIL-04,Bilbao,BIL-zona-04
CUST-00750,ACC-ZAR-07,Zaragoza,ZAR-zona-07
CUST-00751,ACC-BCN-05,Barcelona,BCN-zona-05
CUST-00752,ACC-BIL-02,Bilbao,BIL-zona-02
CUST-00753,ACC-BCN-06,Barcelona,BCN-zona-06
CUST-00754,ACC-VAL-02,Valencia,VAL-zona-02
CUST-00755,ACC-SEV-02,Sevilla,SEV-zona-02
CUST-00756,ACC-ZAR-01,Zaragoza,ZAR-zona-01
CUST-00757,ACC-ZAR-07,Zaragoza,ZAR-zona-07
CUST-00758,ACC-BIL-02,Bilbao,BIL-zona-02
CUST-00759,ACC-BCN-07,Barcelona,BCN-zona-07
CUST-00760,ACC-BCN-07,Barcelona,BCN-zona-07
CUST-00761,ACC-SEV-07,Sevilla,SEV-zona-07
CUST-00762,ACC-BCN-01,Barcelona,BCN-zona-01
CUST-00763,ACC-MAD-04,Madrid,MAD-zona-04
CUST-00764,ACC-BCN-05,Barcelona,BCN-zona-05
CUST-00765,ACC-BCN-03,Barcelona,BCN-zona-03
CUST-00766,ACC-BCN-03,Barcelona,BCN-zona-03
CUST-00767,ACC-BCN-01,Barcelona,BCN-zona-01
CUST-00768,ACC-MAD-02,Madrid,MAD-zona-02
CUST-00769,ACC-MAD-01,Madrid,MAD-zona-01
CUST-00770,ACC-ZAR-07,Zaragoza,ZAR-zona-07
CUST-00771,ACC-BCN-07,Barcelona,BCN-zona-07
CUST-00772,ACC-BCN-06,Barcelona,BCN-zona-06
CUST-00773,ACC-SEV-04,Sevilla,SEV-zona-04
CUST-00774,ACC-MAD-07,Madrid,MAD-zona-07
CUST-00775,ACC-ZAR-06,Zaragoza,ZAR-zona-06
CUST-00776,ACC-BIL-03,Bilbao,BIL-zona-03
CUST-00777,ACC-MAD-04,Madrid,MAD-zona-04
CUST-00778,ACC-BCN-07,Barcelona,BCN-zona-07
CUST-00779,ACC-ZAR-02,Zaragoza,ZAR-zona-02
CUST-00780,ACC-ZAR-06,Zaragoza,ZAR-zona-06
CUST-00781,ACC-VAL-02,Valencia,VAL-zona-02
CUST-00782,ACC-SEV-01,Sevilla,SEV-zona-01
CUST-00783,ACC-MAD-05,Madrid,MAD-zona-05
CUST-00784,ACC-ZAR-07,Zaragoza,ZAR-zona-07
CUST-00785,ACC-BCN-01,Barcelona,BCN-zona-01
CUST-00786,ACC-ZAR-05,Zaragoza,ZAR-zona-05
CUST-00787,ACC-SEV-03,Sevilla,SEV-zona-03
CUST-00788,ACC-SEV-01,Sevilla,SEV-zona-01
CUST-00789,ACC-VAL-03,Valencia,VAL-zona-03
CUST-00790,ACC-BCN-01,Barcelona,BCN-zona-01
CUST-00791,ACC-MAD-06,Madrid,MAD-zona-06
CUST-00792,ACC-MAD-07,Madrid,MAD-zona-07
CUST-00793,ACC-MAD-06,Madrid,MAD-zona-06
CUST-00794,ACC-BIL-03,Bilbao,BIL-zona-03
CUST-00795,ACC-BCN-05,Barcelona,BCN-zona-05
CUST-00796,ACC-MAD-02,Madrid,MAD-zona-02
CUST-00797,ACC-ZAR-07,Zaragoza,ZAR-zona-07
CUST-00798,ACC-ZAR-02,Zaragoza,ZAR-zona-02
CUST-00799,ACC-ZAR-05,Zaragoza,ZAR-zona-05
CUST-00800,ACC-ZAR-07,Zaragoza,ZAR-zona-07
