customer_id,region,zone_type,tenure_months,monthly_price,y_true,y_pred,y_score
CUST-00001,Madrid,urbana,33,57.94,0,0,0.327
CUST-00002,Madrid,urbana,68,38.99,0,0,0.07
CUST-00003,Zaragoza,rural,45,39.56,0,0,0.0
CUST-00004,Valencia,periurbana,77,41.27,1,0,0.093
CUST-00005,Bilbao,rural,31,55.88,0,0,0.341
CUST-00006,Valencia,periurbana,22,71.74,0,1,0.569
CUST-00007,Valencia,periurbana,36,35.85,0,0,0.276
CUST-00008,Bilbao,rural,56,31.78,1,1,0.444
CUST-00009,Valencia,periurbana,116,61.44,0,0,0.059
CUST-00010,Madrid,urbana,73,60.27,0,0,0.185
CUST-00011,Madrid,urbana,65,58.37,0,0,0.223
CUST-00012,Madrid,urbana,24,48.7,1,0,0.318
CUST-00013,Madrid,urbana,26,58.37,1,1,0.453
CUST-00014,Bilbao,rural,31,38.98,0,0,0.339
CUST-00015,Valencia,periurbana,25,53.07,0,0,0.255
CUST-00016,Valencia,periurbana,52,54.17,0,0,0.279
CUST-00017,Sevilla,periurbana,38,54.12,1,1,0.537
CUST-00018,Zaragoza,rural,17,46.58,1,0,0.033
CUST-00019,Bilbao,rural,16,53.85,0,0,0.093
CUST-00020,Valencia,periurbana,44,44.02,0,0,0.115
CUST-00021,Madrid,urbana,16,47.86,0,0,0.406
CUST-00022,Madrid,urbana,19,50.09,0,0,0.296
CUST-00023,Madrid,urbana,25,63.82,0,0,0.253
CUST-00024,Barcelona,urbana,57,53.92,1,0,0.279
CUST-00025,Zaragoza,rural,17,37.75,0,0,0.249
CUST-00026,Zaragoza,rural,18,34.93,0,0,0.0
CUST-00027,Zaragoza,rural,20,41.68,1,0,0.229
CUST-00028,Barcelona,urbana,33,57.16,1,0,0.186
CUST-00029,Zaragoza,rural,41,41.29,0,0,0.349
CUST-00030,Barcelona,urbana,14,61.06,0,1,0.569
CUST-00031,Madrid,urbana,41,41.6,0,0,0.144
CUST-00032,Valencia,periurbana,18,46.26,0,1,0.435
CUST-00033,Sevilla,periurbana,15,58.99,1,1,0.551
CUST-00034,Zaragoza,rural,39,33.71,0,1,0.535
CUST-00035,Madrid,urbana,84,48.32,0,0,0.065
CUST-00036,Bilbao,rural,25,44.8,0,0,0.0
CUST-00037,Zaragoza,rural,14,45.77,0,1,0.52
CUST-00038,Barcelona,urbana,41,60.55,0,0,0.389
CUST-00039,Zaragoza,rural,55,46.09,1,0,0.052
CUST-00040,Valencia,periurbana,6,57.67,1,1,0.509
CUST-00041,Barcelona,urbana,35,61.75,0,0,0.236
CUST-00042,Valencia,periurbana,36,43.45,0,0,0.278
CUST-00043,Valencia,periurbana,75,44.89,0,0,0.189
CUST-00044,Bilbao,rural,34,49.66,0,0,0.392
CUST-00045,Zaragoza,rural,16,54.6,0,0,0.404
CUST-00046,Barcelona,urbana,16,44.14,0,0,0.36
CUST-00047,Valencia,periurbana,60,55.29,0,0,0.236
CUST-00048,Madrid,urbana,29,58.67,1,0,0.261
CUST-00049,Valencia,periurbana,60,53.74,0,0,0.181
CUST-00050,Bilbao,rural,33,42.59,0,0,0.102
CUST-00051,Madrid,urbana,58,39.2,0,0,0.219
CUST-00052,Valencia,periurbana,57,48.47,1,0,0.0
CUST-00053,Sevilla,periurbana,13,42.8,1,0,0.392
CUST-00054,Zaragoza,rural,55,34.63,0,0,0.135
CUST-00055,Sevilla,periurbana,9,58.24,0,0,0.366
CUST-00056,Zaragoza,rural,31,44.07,1,0,0.271
CUST-00057,Zaragoza,rural,14,40.3,1,0,0.059
CUST-00058,Valencia,periurbana,33,42.02,0,0,0.263
CUST-00059,Valencia,periurbana,38,46.59,0,0,0.249
CUST-00060,Madrid,urbana,20,52.82,0,0,0.258
CUST-00061,Barcelona,urbana,41,55.14,0,0,0.281
CUST-00062,Zaragoza,rural,78,54.18,0,0,0.0
CUST-00063,Valencia,periurbana,41,46.47,1,0,0.294
CUST-00064,Barcelona,urbana,22,52.69,1,0,0.293
CUST-00065,Sevilla,periurbana,13,59.8,1,0,0.263
CUST-00066,Valencia,periurbana,11,38.74,0,1,0.449
CUST-00067,Barcelona,urbana,30,45.44,0,0,0.24
CUST-00068,Barcelona,urbana,68,53.36,0,0,0.171
CUST-00069,Bilbao,rural,24,33.18,1,0,0.246
CUST-00070,Valencia,periurbana,17,42.54,1,0,0.413
CUST-00071,Madrid,urbana,54,39.0,0,0,0.213
CUST-00072,Bilbao,rural,35,50.6,0,0,0.255
CUST-00073,Barcelona,urbana,27,55.49,1,0,0.233
CUST-00074,Zaragoza,rural,47,40.05,0,0,0.015
CUST-00075,Madrid,urbana,16,57.48,0,1,0.466
CUST-00076,Zaragoza,rural,42,42.71,0,0,0.196
CUST-00077,Valencia,periurbana,26,30.94,0,0,0.336
CUST-00078,Zaragoza,rural,28,50.34,0,0,0.17
CUST-00079,Madrid,urbana,77,52.91,0,0,0.198
CUST-00080,Barcelona,urbana,8,60.29,0,0,0.36
CUST-00081,Zaragoza,rural,68,42.98,0,0,0.0
CUST-00082,Bilbao,rural,28,46.47,1,1,0.463
CUST-00083,Valencia,periurbana,46,53.86,0,0,0.227
CUST-00084,Madrid,urbana,15,50.17,0,0,0.228
CUST-00085,Valencia,periurbana,9,43.05,0,1,0.523
CUST-00086,Zaragoza,rural,63,32.35,0,0,0.0
CUST-00087,Sevilla,periurbana,45,47.2,0,0,0.307
CUST-00088,Barcelona,urbana,6,59.13,1,1,0.494
CUST-00089,Madrid,urbana,6,46.25,0,0,0.266
CUST-00090,Madrid,urbana,12,40.16,0,0,0.188
CUST-00091,Zaragoza,rural,22,43.29,1,0,0.194
CUST-00092,Barcelona,urbana,61,42.78,0,0,0.003
CUST-00093,Bilbao,rural,24,27.55,0,0,0.0
CUST-00094,Barcelona,urbana,33,56.06,1,0,0.249
CUST-00095,Sevilla,periurbana,40,36.18,0,0,0.243
CUST-00096,Valencia,periurbana,8,69.25,0,1,0.661
CUST-00097,Barcelona,urbana,16,53.29,0,0,0.273
CUST-00098,Barcelona,urbana,41,62.19,0,0,0.414
CUST-00099,Zaragoza,rural,56,49.92,0,0,0.221
CUST-00100,Bilbao,rural,30,40.24,0,0,0.012
CUST-00101,Sevilla,periurbana,24,43.76,0,0,0.162
CUST-00102,Valencia,periurbana,25,45.92,0,0,0.206
CUST-00103,Valencia,periurbana,47,49.04,0,0,0.133
CUST-00104,Madrid,urbana,33,49.04,1,0,0.236
CUST-00105,Valencia,periurbana,29,57.25,0,0,0.329
CUST-00106,Valencia,periurbana,36,41.82,1,0,0.325
CUST-00107,Valencia,periurbana,37,45.67,0,0,0.379
CUST-00108,Valencia,periurbana,85,45.69,0,0,0.166
CUST-00109,Zaragoza,rural,30,65.07,1,0,0.341
CUST-00110,Zaragoza,rural,20,38.35,0,1,0.458
CUST-00111,Barcelona,urbana,49,59.41,0,0,0.342
CUST-00112,Barcelona,urbana,49,55.69,0,0,0.275
CUST-00113,Valencia,periurbana,21,45.35,0,0,0.42
CUST-00114,Sevilla,periurbana,17,47.81,1,0,0.324
CUST-00115,Valencia,periurbana,16,62.64,1,1,0.521
CUST-00116,Bilbao,rural,19,60.77,1,0,0.132
CUST-00117,Zaragoza,rural,86,44.21,0,0,0.0
CUST-00118,Barcelona,urbana,13,59.39,0,1,0.53
CUST-00119,Madrid,urbana,11,39.36,0,0,0.305
CUST-00120,Barcelona,urbana,26,55.18,0,0,0.296
CUST-00121,Barcelona,urbana,12,52.25,1,1,0.492
CUST-00122,Barcelona,urbana,35,44.58,0,0,0.323
CUST-00123,Sevilla,periurbana,15,38.86,0,1,0.51
CUST-00124,Sevilla,periurbana,18,54.39,1,1,0.607
CUST-00125,Valencia,periurbana,25,54.46,1,1,0.45
CUST-00126,Barcelona,urbana,12,53.82,0,0,0.375
CUST-00127,Zaragoza,rural,28,40.77,0,0,0.264
CUST-00128,Valencia,periurbana,38,48.86,0,0,0.296
CUST-00129,Barcelona,urbana,20,67.31,0,0,0.349
CUST-00130,Zaragoza,rural,1,45.14,1,0,0.244
CUST-00131,Valencia,periurbana,35,38.11,1,1,0.434
CUST-00132,Barcelona,urbana,85,60.72,0,0,0.181
CUST-00133,Sevilla,periurbana,21,45.05,0,1,0.618
CUST-00134,Bilbao,rural,51,58.07,0,0,0.0
CUST-00135,Valencia,periurbana,85,33.98,0,0,0.128
CUST-00136,Valencia,periurbana,30,57.8,1,0,0.385
CUST-00137,Barcelona,urbana,103,53.73,0,0,0.034
CUST-00138,Zaragoza,rural,48,32.3,0,0,0.0
CUST-00139,Valencia,periurbana,45,62.89,0,1,0.501
CUST-00140,Barcelona,urbana,23,53.22,0,0,0.292
CUST-00141,Madrid,urbana,21,49.85,0,0,0.404
CUST-00142,Barcelona,urbana,73,59.63,0,0,0.111
CUST-00143,Sevilla,periurbana,33,46.73,0,0,0.39
CUST-00144,Sevilla,periurbana,42,53.43,1,0,0.273
CUST-00145,Barcelona,urbana,14,56.48,0,0,0.307
CUST-00146,Barcelona,urbana,38,65.68,1,0,0.382
CUST-00147,Sevilla,periurbana,47,34.84,1,0,0.161
CUST-00148,Valencia,periurbana,32,53.68,1,0,0.344
CUST-00149,Zaragoza,rural,30,35.17,1,0,0.265
CUST-00150,Madrid,urbana,111,63.12,0,0,0.21
CUST-00151,Zaragoza,rural,60,43.97,0,0,0.012
CUST-00152,Valencia,periurbana,33,37.76,0,0,0.093
CUST-00153,Sevilla,periurbana,22,48.64,0,0,0.245
CUST-00154,Valencia,periurbana,23,55.89,1,1,0.562
CUST-00155,Bilbao,rural,11,39.94,0,1,0.664
CUST-00156,Zaragoza,rural,58,50.88,0,0,0.157
CUST-00157,Barcelona,urbana,39,60.18,0,1,0.481
CUST-00158,Bilbao,rural,20,43.66,1,0,0.251
CUST-00159,Bilbao,rural,27,48.43,1,1,0.444
CUST-00160,Valencia,periurbana,33,59.16,0,1,0.461
CUST-00161,Bilbao,rural,57,37.81,0,0,0.136
CUST-00162,Barcelona,urbana,56,45.74,0,0,0.244
CUST-00163,Zaragoza,rural,15,49.47,0,0,0.257
CUST-00164,Sevilla,periurbana,41,43.72,0,0,0.153
CUST-00165,Bilbao,rural,64,33.2,0,0,0.0
CUST-00166,Zaragoza,rural,70,38.6,0,0,0.0
CUST-00167,Zaragoza,rural,36,40.77,0,0,0.057
CUST-00168,Madrid,urbana,44,40.84,0,0,0.192
CUST-00169,Zaragoza,rural,11,52.98,0,1,0.878
CUST-00170,Barcelona,urbana,18,55.96,0,0,0.235
CUST-00171,Valencia,periurbana,10,43.62,1,0,0.338
CUST-00172,Zaragoza,rural,20,41.75,0,0,0.404
CUST-00173,Bilbao,rural,32,46.71,1,0,0.0
CUST-00174,Bilbao,rural,29,57.01,1,0,0.153
CUST-00175,Sevilla,periurbana,36,50.08,1,0,0.213
CUST-00176,Valencia,periurbana,12,47.31,1,0,0.381
CUST-00177,Sevilla,periurbana,25,68.48,0,0,0.384
CUST-00178,Valencia,periurbana,28,59.2,0,0,0.262
CUST-00179,Madrid,urbana,35,49.67,0,0,0.258
CUST-00180,Madrid,urbana,44,39.93,1,0,0.258
CUST-00181,Valencia,periurbana,37,41.25,1,0,0.186
CUST-00182,Sevilla,periurbana,9,47.75,0,0,0.415
CUST-00183,Madrid,urbana,24,49.2,0,1,0.438
CUST-00184,Bilbao,rural,44,36.89,0,0,0.065
CUST-00185,Barcelona,urbana,24,48.35,0,0,0.321
CUST-00186,Valencia,periurbana,41,45.59,0,0,0.118
CUST-00187,Barcelona,urbana,51,40.97,0,0,0.147
CUST-00188,Valencia,periurbana,30,39.89,1,0,0.152
CUST-00189,Sevilla,periurbana,24,55.76,0,1,0.468
CUST-00190,Barcelona,urbana,74,55.47,0,0,0.328
CUST-00191,Madrid,urbana,65,54.4,1,0,0.278
CUST-00192,Zaragoza,rural,87,48.94,0,0,0.0
CUST-00193,Barcelona,urbana,21,62.42,0,0,0.314
CUST-00194,Valencia,periurbana,55,53.06,0,0,0.209
CUST-00195,Madrid,urbana,68,38.63,0,0,0.232
CUST-00196,Madrid,urbana,65,53.06,0,0,0.134
CUST-00197,Bilbao,rural,10,35.64,1,0,0.0
CUST-00198,Bilbao,rural,36,49.98,1,0,0.0
CUST-00199,Bilbao,rural,48,40.73,0,0,0.044
CUST-00200,Bilbao,rural,60,57.3,0,0,0.0
CUST-00201,Zaragoza,rural,46,31.49,0,0,0.158
CUST-00202,Zaragoza,rural,19,59.39,1,1,0.564
CUST-00203,Zaragoza,rural,17,40.39,0,0,0.262
CUST-00204,Sevilla,periurbana,14,48.98,1,1,0.54
CUST-00205,Sevilla,periurbana,8,44.01,0,1,0.57
CUST-00206,Madrid,urbana,87,57.89,0,0,0.08
CUST-00207,Bilbao,rural,48,50.22,0,0,0.253
CUST-00208,Valencia,periurbana,23,53.22,1,0,0.367
CUST-00209,Barcelona,urbana,48,46.13,0,0,0.139
CUST-00210,Madrid,urbana,47,46.14,0,0,0.198
CUST-00211,Barcelona,urbana,27,45.03,0,0,0.214
CUST-00212,Madrid,urbana,6,55.01,0,0,0.31
CUST-00213,Madrid,urbana,18,57.75,1,1,0.493
CUST-00214,Sevilla,periurbana,25,40.55,1,0,0.247
CUST-00215,Bilbao,rural,13,48.1,0,0,0.0
CUST-00216,Barcelona,urbana,39,56.49,0,0,0.396
CUST-00217,Zaragoza,rural,29,32.44,0,0,0.248
CUST-00218,Barcelona,urbana,48,62.88,0,0,0.272
CUST-00219,Madrid,urbana,46,56.35,0,0,0.23
CUST-00220,Sevilla,periurbana,16,43.29,0,0,0.317
CUST-00221,Madrid,urbana,11,59.46,0,1,0.506
CUST-00222,Barcelona,urbana,99,46.32,0,0,0.123
CUST-00223,Zaragoza,rural,52,55.11,1,0,0.0
CUST-00224,Zaragoza,rural,18,48.76,0,0,0.32
CUST-00225,Zaragoza,rural,9,51.4,1,1,0.498
CUST-00226,Sevilla,periurbana,18,49.4,0,0,0.339
CUST-00227,Zaragoza,rural,14,39.65,1,0,0.0
CUST-00228,Valencia,periurbana,70,59.21,1,0,0.143
CUST-00229,Barcelona,urbana,59,47.44,0,0,0.273
CUST-00230,Sevilla,periurbana,64,56.15,1,0,0.016
CUST-00231,Zaragoza,rural,23,51.3,0,1,0.522
CUST-00232,Madrid,urbana,17,55.08,0,1,0.442
CUST-00233,Zaragoza,rural,55,51.71,0,0,0.335
CUST-00234,Madrid,urbana,54,60.94,1,0,0.322
CUST-00235,Zaragoza,rural,27,39.73,0,1,0.467
CUST-00236,Valencia,periurbana,15,45.13,0,0,0.336
CUST-00237,Valencia,periurbana,40,50.63,0,1,0.518
CUST-00238,Barcelona,urbana,33,51.42,0,0,0.288
CUST-00239,Bilbao,rural,21,35.91,0,0,0.157
CUST-00240,Zaragoza,rural,69,49.15,1,0,0.156
CUST-00241,Sevilla,periurbana,46,45.33,0,0,0.095
CUST-00242,Barcelona,urbana,76,52.22,1,0,0.307
CUST-00243,Valencia,periurbana,17,33.55,0,0,0.216
CUST-00244,Valencia,periurbana,23,45.81,0,0,0.325
CUST-00245,Bilbao,rural,26,50.51,1,0,0.231
CUST-00246,Madrid,urbana,43,52.81,0,0,0.242
CUST-00247,Valencia,periurbana,36,39.25,0,0,0.233
CUST-00248,Bilbao,rural,9,45.65,0,0,0.094
CUST-00249,Bilbao,rural,37,41.55,0,0,0.395
CUST-00250,Sevilla,periurbana,49,44.79,0,0,0.313
CUST-00251,Madrid,urbana,10,60.48,1,0,0.306
CUST-00252,Valencia,periurbana,40,49.0,0,0,0.027
CUST-00253,Madrid,urbana,31,63.58,0,0,0.373
CUST-00254,Bilbao,rural,28,52.87,0,0,0.338
CUST-00255,Zaragoza,rural,36,39.31,0,0,0.149
CUST-00256,Zaragoza,rural,18,39.99,0,0,0.171
CUST-00257,Bilbao,rural,16,43.39,0,1,0.887
CUST-00258,Madrid,urbana,36,59.2,1,0,0.347
CUST-00259,Sevilla,periurbana,23,55.1,0,0,0.365
CUST-00260,Sevilla,periurbana,66,48.83,0,0,0.219
CUST-00261,Madrid,urbana,29,56.11,0,0,0.414
CUST-00262,Valencia,periurbana,28,52.87,1,0,0.294
CUST-00263,Valencia,periurbana,41,49.5,0,0,0.22
CUST-00264,Barcelona,urbana,44,54.8,0,0,0.267
CUST-00265,Barcelona,urbana,12,52.53,1,1,0.49
CUST-00266,Zaragoza,rural,50,43.67,1,1,0.615
CUST-00267,Barcelona,urbana,70,71.66,1,0,0.219
CUST-00268,Sevilla,periurbana,26,35.5,1,0,0.129
CUST-00269,Valencia,periurbana,17,69.7,0,1,0.647
CUST-00270,Zaragoza,rural,60,47.03,0,0,0.0
CUST-00271,Valencia,periurbana,21,41.85,0,0,0.201
CUST-00272,Barcelona,urbana,61,54.73,0,0,0.134
CUST-00273,Madrid,urbana,33,55.74,1,0,0.337
CUST-00274,Valencia,periurbana,32,46.88,0,0,0.187
CUST-00275,Bilbao,rural,28,42.11,0,0,0.12
CUST-00276,Bilbao,rural,22,39.52,0,0,0.265
CUST-00277,Barcelona,urbana,13,47.4,0,0,0.356
CUST-00278,Valencia,periurbana,39,56.12,0,1,0.58
CUST-00279,Valencia,periurbana,42,39.64,1,0,0.331
CUST-00280,Madrid,urbana,21,48.33,1,0,0.205
CUST-00281,Madrid,urbana,44,53.35,0,0,0.333
CUST-00282,Sevilla,periurbana,19,37.69,0,1,0.436
CUST-00283,Barcelona,urbana,61,48.77,0,0,0.151
CUST-00284,Sevilla,periurbana,40,40.53,0,0,0.066
CUST-00285,Barcelona,urbana,26,53.17,0,0,0.37
CUST-00286,Madrid,urbana,38,56.29,0,0,0.283
CUST-00287,Sevilla,periurbana,13,45.12,1,1,0.441
CUST-00288,Barcelona,urbana,33,76.46,0,1,0.502
CUST-00289,Valencia,periurbana,17,51.13,0,1,0.506
CUST-00290,Valencia,periurbana,11,60.81,1,1,0.596
CUST-00291,Sevilla,periurbana,71,58.93,0,0,0.254
CUST-00292,Zaragoza,rural,20,47.22,0,0,0.27
CUST-00293,Valencia,periurbana,19,41.67,0,1,0.461
CUST-00294,Sevilla,periurbana,25,44.15,1,0,0.282
CUST-00295,Barcelona,urbana,47,67.57,1,0,0.103
CUST-00296,Sevilla,periurbana,18,59.39,0,1,0.545
CUST-00297,Bilbao,rural,18,47.18,0,0,0.264
CUST-00298,Barcelona,urbana,77,47.63,0,0,0.195
CUST-00299,Zaragoza,rural,12,42.13,0,1,0.604
CUST-00300,Valencia,periurbana,70,40.58,0,0,0.002
CUST-00301,Madrid,urbana,27,58.7,0,0,0.298
CUST-00302,Zaragoza,rural,21,48.95,0,0,0.064
CUST-00303,Barcelona,urbana,31,57.74,0,0,0.278
CUST-00304,Bilbao,rural,19,58.45,0,1,0.652
CUST-00305,Sevilla,periurbana,20,38.33,0,0,0.245
CUST-00306,Madrid,urbana,42,53.29,0,0,0.188
CUST-00307,Barcelona,urbana,44,44.93,0,0,0.244
CUST-00308,Zaragoza,rural,89,44.23,0,0,0.098
CUST-00309,Barcelona,urbana,18,52.21,0,0,0.311
CUST-00310,Sevilla,periurbana,35,43.58,0,0,0.228
CUST-00311,Madrid,urbana,55,54.22,0,0,0.278
CUST-00312,Bilbao,rural,96,45.17,0,1,0.479
CUST-00313,Valencia,periurbana,33,53.3,0,1,0.448
CUST-00314,Valencia,periurbana,27,51.93,0,0,0.328
CUST-00315,Sevilla,periurbana,40,42.92,0,0,0.143
CUST-00316,Madrid,urbana,20,52.34,1,0,0.339
CUST-00317,Zaragoza,rural,56,57.93,0,0,0.142
CUST-00318,Valencia,periurbana,16,58.52,1,1,0.545
CUST-00319,Valencia,periurbana,27,48.59,1,0,0.278
CUST-00320,Barcelona,urbana,65,56.32,0,0,0.178
CUST-00321,Valencia,periurbana,39,51.36,0,1,0.457
CUST-00322,Barcelona,urbana,53,43.65,0,0,0.275
CUST-00323,Zaragoza,rural,21,52.6,0,0,0.023
CUST-00324,Sevilla,periurbana,57,50.89,0,0,0.054
CUST-00325,Zaragoza,rural,46,51.41,1,0,0.213
CUST-00326,Bilbao,rural,23,43.56,1,0,0.114
CUST-00327,Madrid,urbana,32,48.42,0,0,0.314
CUST-00328,Bilbao,rural,30,50.91,0,0,0.138
CUST-00329,Barcelona,urbana,23,61.85,0,0,0.328
CUST-00330,Barcelona,urbana,14,49.96,0,0,0.403
CUST-00331,Madrid,urbana,30,63.29,0,0,0.399
CUST-00332,Zaragoza,rural,63,47.48,0,0,0.0
CUST-00333,Zaragoza,rural,35,37.39,0,0,0.226
CUST-00334,Sevilla,periurbana,12,65.39,1,1,0.421
CUST-00335,Sevilla,periurbana,48,48.12,0,0,0.146
CUST-00336,Madrid,urbana,31,64.47,1,0,0.344
CUST-00337,Madrid,urbana,39,63.39,0,0,0.368
CUST-00338,Madrid,urbana,43,43.91,0,0,0.238
CUST-00339,Barcelona,urbana,34,65.58,0,1,0.567
CUST-00340,Barcelona,urbana,38,70.66,1,0,0.372
CUST-00341,Madrid,urbana,64,72.49,0,0,0.31
CUST-00342,Barcelona,urbana,44,57.02,0,0,0.225
CUST-00343,Barcelona,urbana,45,64.2,0,0,0.358
CUST-00344,Madrid,urbana,62,55.37,0,0,0.23
CUST-00345,Bilbao,rural,9,32.68,1,1,0.615
CUST-00346,Bilbao,rural,46,35.12,1,0,0.0
CUST-00347,Sevilla,periurbana,16,48.76,0,1,0.489
CUST-00348,Valencia,periurbana,25,48.42,0,0,0.352
CUST-00349,Valencia,periurbana,23,52.04,1,0,0.385
CUST-00350,Barcelona,urbana,43,60.06,0,0,0.155
CUST-00351,Valencia,periurbana,40,49.19,0,0,0.346
CUST-00352,Sevilla,periurbana,65,48.83,0,0,0.008
CUST-00353,Valencia,periurbana,21,65.43,0,1,0.446
CUST-00354,Sevilla,periurbana,24,42.31,0,0,0.254
CUST-00355,Madrid,urbana,30,35.94,0,0,0.2
CUST-00356,Bilbao,rural,20,39.18,1,0,0.33
CUST-00357,Barcelona,urbana,22,57.75,0,0,0.33
CUST-00358,Barcelona,urbana,48,38.89,0,0,0.165
CUST-00359,Barcelona,urbana,21,51.98,1,0,0.347
CUST-00360,Madrid,urbana,29,46.21,1,0,0.181
CUST-00361,Madrid,urbana,15,54.73,1,0,0.415
CUST-00362,Barcelona,urbana,17,65.22,1,0,0.384
CUST-00363,Madrid,urbana,44,45.75,1,0,0.245
CUST-00364,Sevilla,periurbana,62,42.86,0,0,0.177
CUST-00365,Valencia,periurbana,41,51.83,0,1,0.421
CUST-00366,Barcelona,urbana,11,53.24,1,0,0.31
CUST-00367,Barcelona,urbana,21,47.86,1,0,0.307
CUST-00368,Barcelona,urbana,20,51.15,1,0,0.318
CUST-00369,Madrid,urbana,38,57.42,0,0,0.306
CUST-00370,Sevilla,periurbana,29,56.25,1,0,0.299
CUST-00371,Madrid,urbana,49,41.62,0,0,0.157
CUST-00372,Barcelona,urbana,41,50.84,0,0,0.324
CUST-00373,Valencia,periurbana,36,51.6,1,0,0.399
CUST-00374,Madrid,urbana,41,67.58,1,0,0.317
CUST-00375,Valencia,periurbana,23,54.82,0,0,0.291
CUST-00376,Zaragoza,rural,26,30.71,0,1,0.543
CUST-00377,Madrid,urbana,33,43.12,0,0,0.356
CUST-00378,Bilbao,rural,96,42.9,0,0,0.0
CUST-00379,Barcelona,urbana,35,56.98,0,0,0.211
CUST-00380,Sevilla,periurbana,20,46.32,1,0,0.316
CUST-00381,Madrid,urbana,73,53.25,0,0,0.036
CUST-00382,Valencia,periurbana,38,47.98,0,0,0.27
CUST-00383,Barcelona,urbana,9,52.05,1,0,0.404
CUST-00384,Valencia,periurbana,76,44.02,0,0,0.235
CUST-00385,Valencia,periurbana,26,49.41,0,0,0.397
CUST-00386,Sevilla,periurbana,101,57.39,0,0,0.042
CUST-00387,Bilbao,rural,37,44.28,0,0,0.318
CUST-00388,Barcelona,urbana,11,53.68,0,0,0.334
CUST-00389,Bilbao,rural,18,49.3,0,1,0.684
CUST-00390,Barcelona,urbana,51,67.23,0,0,0.298
CUST-00391,Sevilla,periurbana,124,30.27,0,0,0.254
CUST-00392,Valencia,periurbana,33,48.95,0,0,0.115
CUST-00393,Madrid,urbana,29,48.42,0,0,0.169
CUST-00394,Madrid,urbana,41,62.34,1,0,0.294
CUST-00395,Madrid,urbana,20,55.0,1,0,0.303
CUST-00396,Bilbao,rural,46,38.11,0,0,0.355
CUST-00397,Madrid,urbana,8,53.63,1,0,0.294
CUST-00398,Valencia,periurbana,27,45.35,0,1,0.503
CUST-00399,Valencia,periurbana,23,46.21,0,1,0.432
CUST-00400,Valencia,periurbana,11,35.64,1,0,0.214
CUST-00401,Zaragoza,rural,5,35.61,1,0,0.369
CUST-00402,Zaragoza,rural,17,52.14,1,0,0.278
CUST-00403,Bilbao,rural,35,48.52,0,0,0.151
CUST-00404,Barcelona,urbana,45,60.0,0,1,0.461
CUST-00405,Bilbao,rural,29,27.01,0,0,0.088
CUST-00406,Sevilla,periurbana,5,37.29,1,0,0.065
CUST-00407,Bilbao,rural,52,43.23,0,1,0.689
CUST-00408,Madrid,urbana,40,48.3,0,0,0.226
CUST-00409,Barcelona,urbana,29,45.04,1,0,0.271
CUST-00410,Barcelona,urbana,8,61.45,0,1,0.46
CUST-00411,Barcelona,urbana,16,38.74,1,0,0.214
CUST-00412,Madrid,urbana,28,56.88,0,1,0.433
CUST-00413,Valencia,periurbana,34,48.81,0,0,0.347
CUST-00414,Sevilla,periurbana,13,40.94,1,0,0.351
CUST-00415,Zaragoza,rural,11,49.02,0,0,0.088
CUST-00416,Madrid,urbana,6,66.56,1,1,0.425
CUST-00417,Barcelona,urbana,55,59.28,0,0,0.312
CUST-00418,Barcelona,urbana,53,44.96,0,0,0.331
CUST-00419,Sevilla,periurbana,30,49.26,0,0,0.371
CUST-00420,Madrid,urbana,15,48.81,1,0,0.343
CUST-00421,Barcelona,urbana,69,45.32,0,0,0.131
CUST-00422,Bilbao,rural,31,44.27,0,1,0.544
CUST-00423,Sevilla,periurbana,14,49.17,1,1,0.482
CUST-00424,Zaragoza,rural,55,44.1,1,0,0.034
CUST-00425,Madrid,urbana,17,53.07,0,0,0.229
CUST-00426,Bilbao,rural,40,48.74,0,1,0.581
CUST-00427,Madrid,urbana,25,58.41,0,1,0.443
CUST-00428,Madrid,urbana,38,57.84,0,0,0.338
CUST-00429,Madrid,urbana,19,57.61,1,0,0.346
CUST-00430,Zaragoza,rural,77,31.81,0,0,0.331
CUST-00431,Valencia,periurbana,32,46.29,1,0,0.354
CUST-00432,Bilbao,rural,12,37.84,0,0,0.078
CUST-00433,Zaragoza,rural,23,57.14,1,0,0.03
CUST-00434,Valencia,periurbana,56,41.01,1,0,0.183
CUST-00435,Zaragoza,rural,39,32.08,0,0,0.0
CUST-00436,Madrid,urbana,25,49.01,0,0,0.363
CUST-00437,Madrid,urbana,40,41.99,1,0,0.168
CUST-00438,Madrid,urbana,29,56.12,0,0,0.303
CUST-00439,Zaragoza,rural,41,38.26,0,0,0.278
CUST-00440,Zaragoza,rural,58,51.09,1,0,0.234
CUST-00441,Valencia,periurbana,31,52.52,0,0,0.357
CUST-00442,Valencia,periurbana,36,50.32,0,1,0.445
CUST-00443,Zaragoza,rural,23,59.69,0,0,0.32
CUST-00444,Zaragoza,rural,14,45.15,0,0,0.084
CUST-00445,Madrid,urbana,46,50.09,0,0,0.309
CUST-00446,Zaragoza,rural,19,40.55,1,1,0.56
CUST-00447,Barcelona,urbana,61,54.38,1,0,0.19
CUST-00448,Madrid,urbana,14,40.5,0,0,0.197
CUST-00449,Sevilla,periurbana,66,50.47,0,0,0.103
CUST-00450,Madrid,urbana,45,46.38,0,0,0.289
CUST-00451,Zaragoza,rural,24,49.39,0,0,0.0
CUST-00452,Sevilla,periurbana,13,54.27,0,1,0.557
CUST-00453,Bilbao,rural,69,45.74,0,0,0.0
CUST-00454,Valencia,periurbana,26,50.51,0,0,0.202
CUST-00455,Barcelona,urbana,8,61.24,0,1,0.559
CUST-00456,Bilbao,rural,37,38.92,0,0,0.036
CUST-00457,Zaragoza,rural,29,41.7,0,0,0.196
CUST-00458,Sevilla,periurbana,38,40.82,0,0,0.294
CUST-00459,Sevilla,periurbana,15,49.9,0,0,0.206
CUST-00460,Madrid,urbana,16,62.62,1,1,0.46
CUST-00461,Valencia,periurbana,46,63.83,0,0,0.349
CUST-00462,Barcelona,urbana,41,50.28,0,0,0.251
CUST-00463,Valencia,periurbana,37,36.82,1,0,0.008
CUST-00464,Sevilla,periurbana,53,49.06,0,0,0.188
CUST-00465,Zaragoza,rural,12,47.88,0,0,0.336
CUST-00466,Valencia,periurbana,34,40.87,0,0,0.261
CUST-00467,Sevilla,periurbana,44,40.58,0,0,0.096
CUST-00468,Sevilla,periurbana,79,40.36,1,0,0.126
CUST-00469,Madrid,urbana,28,43.07,1,0,0.305
CUST-00470,Bilbao,rural,49,47.96,0,0,0.132
CUST-00471,Barcelona,urbana,36,47.95,0,0,0.267
CUST-00472,Zaragoza,rural,46,49.51,0,0,0.276
CUST-00473,Sevilla,periurbana,45,50.84,0,0,0.389
CUST-00474,Zaragoza,rural,28,34.89,1,0,0.025
CUST-00475,Barcelona,urbana,20,68.03,0,1,0.489
CUST-00476,Barcelona,urbana,43,62.41,1,0,0.212
CUST-00477,Valencia,periurbana,36,45.98,0,0,0.397
CUST-00478,Bilbao,rural,48,45.51,1,0,0.026
CUST-00479,Madrid,urbana,41,56.32,0,0,0.287
CUST-00480,Bilbao,rural,41,56.89,1,1,0.429
CUST-00481,Zaragoza,rural,25,37.19,1,0,0.0
CUST-00482,Madrid,urbana,18,57.65,0,0,0.311
CUST-00483,Valencia,periurbana,42,40.9,1,0,0.147
CUST-00484,Valencia,periurbana,40,43.12,0,0,0.228
CUST-00485,Sevilla,periurbana,68,40.65,0,0,0.213
CUST-00486,Sevilla,periurbana,13,48.09,0,0,0.396
CUST-00487,Barcelona,urbana,30,56.28,0,1,0.516
CUST-00488,Valencia,periurbana,30,52.8,1,0,0.322
CUST-00489,Madrid,urbana,18,46.6,0,1,0.447
CUST-00490,Sevilla,periurbana,50,43.19,0,0,0.044
CUST-00491,Madrid,urbana,60,53.56,0,0,0.254
CUST-00492,Barcelona,urbana,21,52.01,0,0,0.288
CUST-00493,Bilbao,rural,34,49.69,1,0,0.383
CUST-00494,Madrid,urbana,47,68.9,1,0,0.381
CUST-00495,Barcelona,urbana,21,48.91,0,0,0.384
CUST-00496,Barcelona,urbana,46,67.09,0,0,0.288
CUST-00497,Madrid,urbana,39,52.44,0,0,0.149
CUST-00498,Valencia,periurbana,18,45.95,0,0,0.243
CUST-00499,Barcelona,urbana,22,64.91,0,1,0.51
CUST-00500,Zaragoza,rural,25,38.25,1,0,0.0
CUST-00501,Barcelona,urbana,11,53.71,0,0,0.396
CUST-00502,Bilbao,rural,6,42.35,0,1,0.539
CUST-00503,Barcelona,urbana,37,56.17,0,0,0.298
CUST-00504,Valencia,periurbana,38,57.72,0,0,0.397
CUST-00505,Bilbao,rural,17,49.33,1,0,0.27
CUST-00506,Madrid,urbana,20,73.03,0,1,0.472
CUST-00507,Bilbao,rural,18,39.72,0,0,0.196
CUST-00508,Madrid,urbana,44,56.92,0,0,0.328
CUST-00509,Bilbao,rural,59,54.15,0,1,0.503
CUST-00510,Madrid,urbana,8,68.38,0,1,0.446
CUST-00511,Valencia,periurbana,43,52.44,1,0,0.285
CUST-00512,Zaragoza,rural,21,32.43,0,0,0.216
CUST-00513,Valencia,periurbana,30,39.43,0,0,0.265
CUST-00514,Sevilla,periurbana,41,64.36,1,0,0.341
CUST-00515,Madrid,urbana,23,62.88,1,0,0.399
CUST-00516,Sevilla,periurbana,10,43.2,1,0,0.326
CUST-00517,Barcelona,urbana,37,45.18,1,0,0.134
CUST-00518,Sevilla,periurbana,23,44.77,1,0,0.227
CUST-00519,Bilbao,rural,14,50.1,1,0,0.278
CUST-00520,Zaragoza,rural,51,47.51,0,0,0.053
CUST-00521,Bilbao,rural,18,52.61,1,1,0.495
CUST-00522,Bilbao,rural,30,50.55,0,0,0.013
CUST-00523,Valencia,periurbana,77,43.71,0,0,0.027
CUST-00524,Valencia,periurbana,26,39.7,0,0,0.3
CUST-00525,Zaragoza,rural,26,40.39,0,1,0.632
CUST-00526,Barcelona,urbana,41,48.45,1,0,0.246
CUST-00527,Madrid,urbana,62,51.1,0,0,0.195
CUST-00528,Madrid,urbana,22,61.39,1,0,0.387
CUST-00529,Sevilla,periurbana,65,49.77,0,0,0.184
CUST-00530,Valencia,periurbana,28,61.7,1,1,0.435
CUST-00531,Valencia,periurbana,19,45.42,0,1,0.512
CUST-00532,Bilbao,rural,14,38.24,1,1,0.532
CUST-00533,Barcelona,urbana,46,47.5,0,0,0.203
CUST-00534,Sevilla,periurbana,22,61.09,1,1,0.504
CUST-00535,Zaragoza,rural,27,41.58,0,0,0.128
CUST-00536,Zaragoza,rural,58,47.92,0,0,0.386
CUST-00537,Barcelona,urbana,28,50.25,0,0,0.337
CUST-00538,Madrid,urbana,35,70.45,0,0,0.376
CUST-00539,Zaragoza,rural,23,43.87,0,0,0.113
CUST-00540,Madrid,urbana,42,46.49,0,0,0.252
CUST-00541,Barcelona,urbana,34,67.9,0,0,0.416
CUST-00542,Sevilla,periurbana,19,53.04,1,0,0.337
CUST-00543,Valencia,periurbana,43,46.16,0,0,0.175
CUST-00544,Sevilla,periurbana,14,59.92,1,0,0.346
CUST-00545,Madrid,urbana,36,63.02,1,0,0.283
CUST-00546,Zaragoza,rural,27,55.26,1,0,0.27
CUST-00547,Madrid,urbana,23,49.63,0,0,0.375
CUST-00548,Barcelona,urbana,37,52.9,1,0,0.351
CUST-00549,Bilbao,rural,58,38.14,0,0,0.0
CUST-00550,Barcelona,urbana,32,63.71,1,0,0.362
CUST-00551,Bilbao,rural,44,35.0,0,0,0.134
CUST-00552,Barcelona,urbana,54,64.38,0,0,0.326
CUST-00553,Madrid,urbana,33,55.61,0,0,0.367
CUST-00554,Valencia,periurbana,41,40.91,0,0,0.126
CUST-00555,Zaragoza,rural,20,39.66,0,1,0.608
CUST-00556,Bilbao,rural,63,42.46,0,0,0.166
CUST-00557,Valencia,periurbana,26,43.23,1,0,0.398
CUST-00558,Madrid,urbana,13,60.77,0,0,0.407
CUST-00559,Sevilla,periurbana,20,37.22,0,0,0.262
CUST-00560,Bilbao,rural,25,46.66,0,0,0.393
CUST-00561,Barcelona,urbana,17,53.57,0,1,0.479
CUST-00562,Valencia,periurbana,26,39.32,0,1,0.513
CUST-00563,Bilbao,rural,16,51.47,0,1,0.484
CUST-00564,Madrid,urbana,26,45.43,1,0,0.297
CUST-00565,Zaragoza,rural,39,48.05,1,0,0.175
CUST-00566,Valencia,periurbana,15,55.48,0,0,0.377
CUST-00567,Bilbao,rural,19,48.49,0,0,0.261
CUST-00568,Barcelona,urbana,37,57.83,0,1,0.422
CUST-00569,Bilbao,rural,32,50.27,0,0,0.221
CUST-00570,Zaragoza,rural,64,56.83,1,1,0.751
CUST-00571,Sevilla,periurbana,33,55.58,1,1,0.426
CUST-00572,Sevilla,periurbana,31,42.77,0,0,0.232
CUST-00573,Valencia,periurbana,28,56.42,0,0,0.297
CUST-00574,Barcelona,urbana,31,53.46,1,0,0.275
CUST-00575,Sevilla,periurbana,17,47.68,0,0,0.094
CUST-00576,Madrid,urbana,70,40.0,0,0,0.036
CUST-00577,Barcelona,urbana,53,50.44,0,0,0.238
CUST-00578,Valencia,periurbana,58,39.21,0,0,0.055
CUST-00579,Bilbao,rural,30,39.84,1,0,0.0
CUST-00580,Bilbao,rural,20,27.99,0,0,0.378
CUST-00581,Valencia,periurbana,51,44.13,1,0,0.225
CUST-00582,Valencia,periurbana,38,49.55,0,0,0.363
CUST-00583,Bilbao,rural,22,51.09,1,1,0.548
CUST-00584,Valencia,periurbana,26,48.59,1,1,0.461
CUST-00585,Valencia,periurbana,34,48.67,0,0,0.272
CUST-00586,Sevilla,periurbana,42,43.41,0,0,0.384
CUST-00587,Barcelona,urbana,12,56.58,0,0,0.37
CUST-00588,Zaragoza,rural,19,54.19,1,1,0.563
CUST-00589,Zaragoza,rural,17,46.38,1,1,0.434
CUST-00590,Madrid,urbana,10,56.58,0,1,0.471
CUST-00591,Valencia,periurbana,41,41.91,0,0,0.331
CUST-00592,Madrid,urbana,28,49.85,0,0,0.252
CUST-00593,Barcelona,urbana,25,51.32,0,1,0.442
CUST-00594,Bilbao,rural,61,45.25,1,0,0.0
CUST-00595,Madrid,urbana,50,46.51,0,0,0.369
CUST-00596,Barcelona,urbana,62,58.99,0,0,0.244
CUST-00597,Barcelona,urbana,36,53.15,0,0,0.357
CUST-00598,Valencia,periurbana,34,52.12,0,1,0.487
CUST-00599,Madrid,urbana,34,66.28,1,0,0.416
CUST-00600,Barcelona,urbana,44,46.89,1,0,0.315
CUST-00601,Bilbao,rural,21,41.51,0,1,0.564
CUST-00602,Madrid,urbana,25,56.78,1,0,0.33
CUST-00603,Bilbao,rural,15,38.34,0,0,0.159
CUST-00604,Zaragoza,rural,33,35.95,0,0,0.055
CUST-00605,Barcelona,urbana,19,56.13,0,0,0.356
CUST-00606,Bilbao,rural,13,38.52,0,1,0.492
CUST-00607,Zaragoza,rural,35,33.58,1,0,0.105
CUST-00608,Zaragoza,rural,1,45.71,0,0,0.0
CUST-00609,Barcelona,urbana,20,38.26,0,0,0.274
CUST-00610,Bilbao,rural,62,33.3,0,0,0.257
CUST-00611,Madrid,urbana,19,56.82,0,1,0.489
CUST-00612,Madrid,urbana,53,46.62,0,0,0.3
CUST-00613,Madrid,urbana,41,49.91,0,0,0.248
CUST-00614,Zaragoza,rural,17,51.51,0,0,0.0
CUST-00615,Madrid,urbana,60,38.3,0,0,0.138
CUST-00616,Sevilla,periurbana,62,57.66,0,0,0.24
CUST-00617,Barcelona,urbana,48,49.58,1,0,0.17
CUST-00618,Barcelona,urbana,20,52.9,0,0,0.205
CUST-00619,Sevilla,periurbana,62,53.39,0,0,0.312
CUST-00620,Valencia,periurbana,31,60.09,1,0,0.343
CUST-00621,Valencia,periurbana,48,51.93,0,0,0.207
CUST-00622,Valencia,periurbana,16,49.25,1,1,0.449
CUST-00623,Sevilla,periurbana,26,37.41,0,0,0.319
CUST-00624,Bilbao,rural,37,40.62,1,0,0.0
CUST-00625,Barcelona,urbana,41,55.86,0,0,0.315
CUST-00626,Zaragoza,rural,50,43.1,0,0,0.0
CUST-00627,Barcelona,urbana,41,56.78,0,0,0.19
CUST-00628,Valencia,periurbana,33,39.07,0,0,0.347
CUST-00629,Sevilla,periurbana,24,39.46,0,0,0.214
CUST-00630,Madrid,urbana,28,59.82,0,0,0.368
CUST-00631,Barcelona,urbana,21,56.64,0,0,0.354
CUST-00632,Sevilla,periurbana,35,33.59,0,0,0.162
CUST-00633,Sevilla,periurbana,10,41.12,1,0,0.365
CUST-00634,Zaragoza,rural,45,50.57,0,1,0.434
CUST-00635,Valencia,periurbana,40,47.33,0,0,0.284
CUST-00636,Madrid,urbana,24,60.31,1,1,0.485
CUST-00637,Barcelona,urbana,64,55.26,0,0,0.158
CUST-00638,Barcelona,urbana,43,48.23,1,0,0.237
CUST-00639,Valencia,periurbana,25,51.48,0,0,0.381
CUST-00640,Bilbao,rural,24,60.33,0,0,0.087
CUST-00641,Zaragoza,rural,21,45.89,0,1,0.532
CUST-00642,Zaragoza,rural,54,34.68,1,1,0.447
CUST-00643,Barcelona,urbana,41,54.57,1,1,0.451
CUST-00644,Zaragoza,rural,36,60.15,0,1,0.63
CUST-00645,Sevilla,periurbana,16,47.77,1,1,0.499
CUST-00646,Zaragoza,rural,78,39.2,0,0,0.058
CUST-00647,Valencia,periurbana,37,62.87,0,1,0.421
CUST-00648,Barcelona,urbana,30,54.91,1,0,0.406
CUST-00649,Zaragoza,rural,13,54.3,1,0,0.293
CUST-00650,Zaragoza,rural,32,37.86,0,0,0.085
CUST-00651,Bilbao,rural,61,40.31,0,0,0.312
CUST-00652,Valencia,periurbana,51,52.25,0,0,0.365
CUST-00653,Bilbao,rural,19,24.68,0,0,0.117
CUST-00654,Zaragoza,rural,50,62.64,1,0,0.407
CUST-00655,Valencia,periurbana,47,48.65,0,0,0.334
CUST-00656,Valencia,periurbana,31,40.07,0,0,0.385
CUST-00657,Valencia,periurbana,54,51.87,0,0,0.205
CUST-00658,Sevilla,periurbana,36,42.05,1,0,0.225
CUST-00659,Bilbao,rural,42,44.16,0,0,0.0
CUST-00660,Bilbao,rural,52,58.26,0,0,0.15
CUST-00661,Barcelona,urbana,54,53.35,0,0,0.343
CUST-00662,Bilbao,rural,45,39.03,0,1,0.603
CUST-00663,Sevilla,periurbana,49,52.23,0,0,0.17
CUST-00664,Zaragoza,rural,25,55.52,1,1,0.436
CUST-00665,Zaragoza,rural,45,48.41,0,0,0.231
CUST-00666,Bilbao,rural,20,39.17,0,1,0.693
CUST-00667,Valencia,periurbana,13,38.28,0,0,0.275
CUST-00668,Barcelona,urbana,30,47.94,0,0,0.335
CUST-00669,Madrid,urbana,34,58.23,0,0,0.292
CUST-00670,Bilbao,rural,54,37.93,0,0,0.274
CUST-00671,Madrid,urbana,35,70.91,1,1,0.511
CUST-00672,Madrid,urbana,51,49.72,0,0,0.349
CUST-00673,Barcelona,urbana,34,51.05,0,0,0.303
CUST-00674,Sevilla,periurbana,88,38.19,1,0,0.039
CUST-00675,Barcelona,urbana,16,47.91,0,0,0.211
CUST-00676,Valencia,periurbana,6,53.1,1,1,0.423
CUST-00677,Madrid,urbana,7,60.89,0,1,0.453
CUST-00678,Barcelona,urbana,34,45.46,0,0,0.215
CUST-00679,Bilbao,rural,36,37.45,1,0,0.0
CUST-00680,Valencia,periurbana,75,36.16,0,0,0.261
CUST-00681,Zaragoza,rural,31,40.71,0,0,0.303
CUST-00682,Madrid,urbana,67,55.73,1,0,0.289
CUST-00683,Valencia,periurbana,36,42.42,0,0,0.256
CUST-00684,Madrid,urbana,5,63.3,1,1,0.542
CUST-00685,Valencia,periurbana,24,57.31,0,1,0.526
CUST-00686,Zaragoza,rural,9,44.01,1,0,0.074
CUST-00687,Barcelona,urbana,49,55.36,1,0,0.196
CUST-00688,Barcelona,urbana,48,52.7,0,0,0.217
CUST-00689,Zaragoza,rural,27,35.24,1,0,0.323
CUST-00690,Barcelona,urbana,43,53.06,1,0,0.171
CUST-00691,Valencia,periurbana,12,43.92,1,0,0.395
CUST-00692,Bilbao,rural,67,43.74,0,0,0.153
CUST-00693,Barcelona,urbana,33,54.65,0,0,0.219
CUST-00694,Sevilla,periurbana,77,38.03,0,0,0.216
CUST-00695,Valencia,periurbana,34,47.0,0,0,0.225
CUST-00696,Madrid,urbana,22,79.73,1,1,0.449
CUST-00697,Madrid,urbana,43,57.22,0,0,0.256
CUST-00698,Valencia,periurbana,34,52.52,1,1,0.425
CUST-00699,Madrid,urbana,25,58.76,0,0,0.338
CUST-00700,Sevilla,periurbana,13,44.51,0,0,0.38
CUST-00701,Barcelona,urbana,55,51.95,0,0,0.227
CUST-00702,Sevilla,periurbana,39,48.44,1,0,0.193
CUST-00703,Sevilla,periurbana,62,57.44,0,0,0.272
CUST-00704,Zaragoza,rural,17,32.56,0,0,0.15
CUST-00705,Valencia,periurbana,30,53.12,0,1,0.439
CUST-00706,Bilbao,rural,54,31.97,0,0,0.013
CUST-00707,Madrid,urbana,25,57.03,0,0,0.272
CUST-00708,Valencia,periurbana,51,48.99,1,0,0.29
CUST-00709,Madrid,urbana,5,42.16,0,0,0.235
CUST-00710,Zaragoza,rural,5,39.74,1,0,0.246
CUST-00711,Valencia,periurbana,19,58.83,1,1,0.598
CUST-00712,Zaragoza,rural,25,42.44,0,0,0.333
CUST-00713,Bilbao,rural,104,53.75,1,0,0.264
CUST-00714,Madrid,urbana,27,44.56,0,0,0.238
CUST-00715,Madrid,urbana,17,50.88,0,0,0.216
CUST-00716,Madrid,urbana,46,57.53,1,1,0.425
CUST-00717,Zaragoza,rural,19,55.84,0,0,0.075
CUST-00718,Bilbao,rural,8,41.82,0,0,0.241
CUST-00719,Bilbao,rural,40,52.0,1,1,0.554
CUST-00720,Barcelona,urbana,28,51.82,0,0,0.359
CUST-00721,Barcelona,urbana,17,46.97,0,0,0.388
CUST-00722,Sevilla,periurbana,8,50.19,0,0,0.396
CUST-00723,Valencia,periurbana,23,49.42,0,0,0.406
CUST-00724,Barcelona,urbana,13,53.3,1,1,0.429
CUST-00725,Barcelona,urbana,33,60.72,0,0,0.345
CUST-00726,Barcelona,urbana,29,44.13,0,1,0.459
CUST-00727,Valencia,periurbana,38,48.98,0,0,0.375
CUST-00728,Sevilla,periurbana,31,48.14,0,0,0.168
CUST-00729,Zaragoza,rural,18,33.79,1,0,0.0
CUST-00730,Zaragoza,rural,58,27.61,0,0,0.0
CUST-00731,Sevilla,periurbana,65,35.45,0,0,0.307
CUST-00732,Madrid,urbana,17,65.56,1,1,0.538
CUST-00733,Valencia,periurbana,21,36.3,0,0,0.332
CUST-00734,Madrid,urbana,15,48.78,1,0,0.25
CUST-00735,Madrid,urbana,13,45.65,1,0,0.26
CUST-00736,Madrid,urbana,42,61.27,0,0,0.301
CUST-00737,Bilbao,rural,28,41.79,0,0,0.362
CUST-00738,Madrid,urbana,13,60.82,0,1,0.505
CUST-00739,Valencia,periurbana,13,51.08,0,0,0.292
CUST-00740,Sevilla,periurbana,37,67.51,1,0,0.276
CUST-00741,Valencia,periurbana,4,63.51,1,1,0.51
CUST-00742,Valencia,periurbana,24,54.75,1,0,0.369
CUST-00743,Bilbao,rural,9,38.76,0,0,0.136
CUST-00744,Barcelona,urbana,23,32.57,0,0,0.191
CUST-00745,Madrid,urbana,14,48.86,0,0,0.311
CUST-00746,Sevilla,periurbana,6,47.48,1,0,0.211
CUST-00747,Sevilla,periurbana,17,41.26,1,0,0.108
CUST-00748,Valencia,periurbana,27,52.88,0,0,0.393
CUST-00749,Barcelona,urbana,27,58.94,0,0,0.383
CUST-00750,Valencia,periurbana,12,50.64,1,1,0.614
CUST-00751,Zaragoza,rural,49,38.28,1,0,0.242
CUST-00752,Valencia,periurbana,78,57.95,0,0,0.094
CUST-00753,Barcelona,urbana,41,54.38,1,0,0.412
CUST-00754,Sevilla,periurbana,56,44.48,1,0,0.147
CUST-00755,Barcelona,urbana,81,48.18,0,0,0.034
CUST-00756,Madrid,urbana,54,53.46,0,0,0.263
CUST-00757,Madrid,urbana,35,58.47,0,0,0.281
CUST-00758,Bilbao,rural,30,41.95,0,0,0.09
CUST-00759,Valencia,periurbana,59,42.41,0,0,0.124
CUST-00760,Valencia,periurbana,29,51.72,0,0,0.308
CUST-00761,Barcelona,urbana,25,65.92,1,1,0.557
CUST-00762,Sevilla,periurbana,51,46.47,0,0,0.165
CUST-00763,Madrid,urbana,39,42.29,0,0,0.037
CUST-00764,Sevilla,periurbana,22,43.44,0,0,0.414
CUST-00765,Bilbao,rural,31,43.05,0,0,0.0
CUST-00766,Barcelona,urbana,22,61.41,0,0,0.409
CUST-00767,Madrid,urbana,25,52.21,0,0,0.297
CUST-00768,Barcelona,urbana,38,73.69,0,0,0.286
CUST-00769,Madrid,urbana,15,52.1,1,0,0.318
CUST-00770,Barcelona,urbana,32,46.77,1,0,0.3
CUST-00771,Valencia,periurbana,14,46.64,0,1,0.452
CUST-00772,Zaragoza,rural,62,40.05,1,0,0.285
CUST-00773,Zaragoza,rural,21,43.45,0,0,0.076
CUST-00774,Barcelona,urbana,26,52.38,0,0,0.38
CUST-00775,Madrid,urbana,19,48.04,0,0,0.342
CUST-00776,Bilbao,rural,38,63.39,0,1,0.482
CUST-00777,Madrid,urbana,16,40.53,1,0,0.305
CUST-00778,Zaragoza,rural,11,34.99,0,0,0.202
CUST-00779,Zaragoza,rural,13,41.83,1,0,0.244
CUST-00780,Valencia,periurbana,18,56.19,0,0,0.243
CUST-00781,Sevilla,periurbana,17,51.26,1,0,0.37
CUST-00782,Madrid,urbana,21,54.26,0,0,0.305
CUST-00783,Madrid,urbana,43,59.08,0,0,0.389
CUST-00784,Bilbao,rural,47,33.71,1,0,0.256
CUST-00785,Zaragoza,rural,21,44.1,0,0,0.354
CUST-00786,Zaragoza,rural,19,40.44,1,0,0.175
CUST-00787,Sevilla,periurbana,22,52.67,1,0,0.188
CUST-00788,Bilbao,rural,16,48.63,0,0,0.308
CUST-00789,Zaragoza,rural,27,52.58,1,0,0.323
CUST-00790,Barcelona,urbana,25,59.26,0,0,0.416
CUST-00791,Zaragoza,rural,58,47.97,1,0,0.0
CUST-00792,Barcelona,urbana,63,46.36,1,0,0.326
CUST-00793,Zaragoza,rural,48,51.33,1,0,0.0
CUST-00794,Barcelona,urbana,46,45.11,0,0,0.185
CUST-00795,Barcelona,urbana,6,46.92,0,0,0.25
CUST-00796,Zaragoza,rural,23,43.94,1,0,0.257
CUST-00797,Sevilla,periurbana,100,50.34,0,0,0.174
CUST-00798,Bilbao,rural,39,38.39,1,0,0.004
CUST-00799,Bilbao,rural,29,22.08,0,0,0.103
CUST-00800,Madrid,urbana,27,61.03,0,0,0.408
CUST-00801,Zaragoza,rural,35,38.47,0,0,0.0
CUST-00802,Zaragoza,rural,41,43.15,0,0,0.285
CUST-00803,Bilbao,rural,54,33.14,1,0,0.23
CUST-00804,Zaragoza,rural,12,48.61,0,0,0.348
CUST-00805,Sevilla,periurbana,34,55.08,0,0,0.206
CUST-00806,Valencia,periurbana,5,56.99,1,1,0.633
CUST-00807,Valencia,periurbana,44,49.01,0,0,0.212
CUST-00808,Madrid,urbana,36,52.74,0,0,0.351
CUST-00809,Barcelona,urbana,28,56.54,1,0,0.186
CUST-00810,Bilbao,rural,36,56.68,0,0,0.199
CUST-00811,Zaragoza,rural,11,43.52,0,1,0.516
CUST-00812,Zaragoza,rural,44,60.38,1,0,0.319
CUST-00813,Sevilla,periurbana,57,42.56,0,0,0.0
CUST-00814,Bilbao,rural,18,38.38,0,0,0.2
CUST-00815,Sevilla,periurbana,52,44.56,0,0,0.282
CUST-00816,Barcelona,urbana,35,55.37,0,0,0.339
CUST-00817,Sevilla,periurbana,38,39.57,1,0,0.207
CUST-00818,Sevilla,periurbana,14,45.58,0,0,0.356
CUST-00819,Barcelona,urbana,43,56.98,1,0,0.365
CUST-00820,Zaragoza,rural,4,44.67,0,1,0.521
CUST-00821,Sevilla,periurbana,35,34.03,0,0,0.335
CUST-00822,Madrid,urbana,48,48.01,1,0,0.125
CUST-00823,Zaragoza,rural,28,52.03,0,1,0.652
CUST-00824,Barcelona,urbana,63,50.82,0,0,0.142
CUST-00825,Madrid,urbana,41,57.92,0,0,0.362
CUST-00826,Barcelona,urbana,47,44.96,0,0,0.122
CUST-00827,Madrid,urbana,17,56.01,0,1,0.434
CUST-00828,Zaragoza,rural,51,42.16,0,0,0.0
CUST-00829,Madrid,urbana,33,56.39,1,0,0.345
CUST-00830,Barcelona,urbana,12,68.51,0,0,0.385
CUST-00831,Valencia,periurbana,29,40.05,0,0,0.154
CUST-00832,Zaragoza,rural,52,52.66,1,1,0.437
CUST-00833,Valencia,periurbana,22,45.16,0,0,0.353
CUST-00834,Madrid,urbana,35,48.14,0,0,0.129
CUST-00835,Madrid,urbana,75,53.02,0,0,0.186
CUST-00836,Madrid,urbana,64,44.66,1,0,0.114
CUST-00837,Sevilla,periurbana,6,47.6,1,0,0.349
CUST-00838,Zaragoza,rural,19,40.85,1,0,0.373
CUST-00839,Bilbao,rural,15,55.87,1,1,0.524
CUST-00840,Madrid,urbana,40,51.67,1,0,0.314
CUST-00841,Valencia,periurbana,19,42.95,0,0,0.39
CUST-00842,Madrid,urbana,68,44.27,0,0,0.216
CUST-00843,Barcelona,urbana,16,51.15,0,0,0.277
CUST-00844,Valencia,periurbana,6,50.35,1,1,0.591
CUST-00845,Sevilla,periurbana,29,57.32,1,0,0.248
CUST-00846,Valencia,periurbana,61,29.15,0,0,0.093
CUST-00847,Sevilla,periurbana,6,48.51,0,0,0.37
CUST-00848,Barcelona,urbana,45,56.22,1,0,0.305
CUST-00849,Bilbao,rural,27,54.88,0,0,0.023
CUST-00850,Valencia,periurbana,55,50.22,0,0,0.314
CUST-00851,Madrid,urbana,74,61.1,0,0,0.238
CUST-00852,Sevilla,periurbana,53,55.34,0,0,0.21
CUST-00853,Bilbao,rural,16,41.97,1,0,0.377
CUST-00854,Zaragoza,rural,37,48.12,1,0,0.382
CUST-00855,Sevilla,periurbana,53,47.12,0,1,0.43
CUST-00856,Zaragoza,rural,13,43.18,0,0,0.209
CUST-00857,Barcelona,urbana,39,58.35,1,0,0.218
CUST-00858,Zaragoza,rural,40,41.24,0,0,0.233
CUST-00859,Zaragoza,rural,7,45.21,1,1,0.636
CUST-00860,Madrid,urbana,16,47.44,0,0,0.137
CUST-00861,Sevilla,periurbana,25,52.9,1,0,0.287
CUST-00862,Sevilla,periurbana,77,41.43,0,0,0.044
CUST-00863,Bilbao,rural,17,54.26,0,1,0.505
CUST-00864,Valencia,periurbana,26,39.61,0,0,0.309
CUST-00865,Madrid,urbana,46,72.89,0,0,0.361
CUST-00866,Valencia,periurbana,21,41.26,0,1,0.476
CUST-00867,Bilbao,rural,42,38.16,0,0,0.0
CUST-00868,Bilbao,rural,45,41.82,0,1,0.508
CUST-00869,Zaragoza,rural,11,39.08,1,1,0.43
CUST-00870,Sevilla,periurbana,36,44.31,0,0,0.208
CUST-00871,Madrid,urbana,22,63.29,0,0,0.377
CUST-00872,Sevilla,periurbana,43,53.13,0,0,0.142
CUST-00873,Madrid,urbana,17,48.7,0,0,0.304
CUST-00874,Zaragoza,rural,20,38.53,0,0,0.311
CUST-00875,Valencia,periurbana,18,55.89,1,1,0.53
CUST-00876,Bilbao,rural,35,54.66,1,0,0.184
CUST-00877,Madrid,urbana,61,46.89,0,0,0.221
CUST-00878,Bilbao,rural,47,49.92,0,0,0.41
CUST-00879,Madrid,urbana,34,43.22,0,0,0.394
CUST-00880,Madrid,urbana,37,45.63,0,0,0.272
CUST-00881,Sevilla,periurbana,29,46.4,1,0,0.379
CUST-00882,Valencia,periurbana,10,48.96,0,1,0.445
CUST-00883,Bilbao,rural,15,46.37,0,1,0.515
CUST-00884,Madrid,urbana,37,52.22,1,0,0.305
CUST-00885,Barcelona,urbana,15,56.25,0,1,0.537
CUST-00886,Barcelona,urbana,8,53.17,1,0,0.42
CUST-00887,Valencia,periurbana,30,48.02,0,0,0.411
CUST-00888,Madrid,urbana,11,65.53,0,0,0.261
CUST-00889,Madrid,urbana,38,66.1,0,0,0.387
CUST-00890,Barcelona,urbana,4,61.62,0,1,0.583
CUST-00891,Zaragoza,rural,84,47.56,0,0,0.269
CUST-00892,Madrid,urbana,33,44.65,1,0,0.132
CUST-00893,Barcelona,urbana,48,50.72,0,0,0.161
CUST-00894,Zaragoza,rural,26,30.71,0,1,0.734
CUST-00895,Barcelona,urbana,29,49.47,1,0,0.271
CUST-00896,Madrid,urbana,32,58.47,0,0,0.303
CUST-00897,Barcelona,urbana,68,55.76,0,0,0.174
CUST-00898,Zaragoza,rural,36,45.59,1,0,0.0
CUST-00899,Sevilla,periurbana,16,47.8,0,0,0.134
CUST-00900,Madrid,urbana,50,52.11,0,0,0.244
CUST-00901,Valencia,periurbana,60,43.18,0,0,0.264
CUST-00902,Bilbao,rural,24,49.77,1,1,0.587
CUST-00903,Madrid,urbana,26,50.07,0,0,0.358
CUST-00904,Madrid,urbana,23,41.09,0,0,0.343
CUST-00905,Sevilla,periurbana,24,55.01,0,0,0.275
CUST-00906,Zaragoza,rural,44,49.24,0,0,0.275
CUST-00907,Madrid,urbana,40,49.44,0,0,0.381
CUST-00908,Barcelona,urbana,18,59.79,0,0,0.395
CUST-00909,Zaragoza,rural,61,37.06,0,0,0.0
CUST-00910,Valencia,periurbana,38,54.0,0,0,0.261
CUST-00911,Barcelona,urbana,22,40.59,0,0,0.203
CUST-00912,Barcelona,urbana,66,42.31,0,0,0.117
CUST-00913,Zaragoza,rural,28,38.09,1,0,0.157
CUST-00914,Madrid,urbana,51,54.68,0,0,0.222
CUST-00915,Zaragoza,rural,46,43.57,1,0,0.38
CUST-00916,Zaragoza,rural,20,55.43,1,0,0.141
CUST-00917,Valencia,periurbana,16,48.15,0,0,0.176
CUST-00918,Valencia,periurbana,40,41.28,0,0,0.219
CUST-00919,Sevilla,periurbana,18,29.5,0,0,0.272
CUST-00920,Bilbao,rural,93,40.39,1,0,0.096
CUST-00921,Zaragoza,rural,33,47.32,0,0,0.0
CUST-00922,Sevilla,periurbana,40,47.97,0,0,0.321
CUST-00923,Bilbao,rural,13,49.55,1,0,0.149
CUST-00924,Barcelona,urbana,27,53.34,0,0,0.353
CUST-00925,Zaragoza,rural,30,50.0,1,0,0.112
CUST-00926,Madrid,urbana,81,67.88,0,0,0.256
CUST-00927,Madrid,urbana,14,44.89,1,0,0.405
CUST-00928,Sevilla,periurbana,17,61.28,0,1,0.627
CUST-00929,Valencia,periurbana,17,45.51,1,1,0.464
CUST-00930,Barcelona,urbana,37,49.61,0,0,0.311
CUST-00931,Madrid,urbana,57,40.92,0,0,0.225
CUST-00932,Madrid,urbana,55,38.6,0,0,0.143
CUST-00933,Zaragoza,rural,26,36.63,1,0,0.4
CUST-00934,Zaragoza,rural,14,37.7,0,1,0.513
CUST-00935,Madrid,urbana,31,55.95,0,0,0.202
CUST-00936,Madrid,urbana,13,56.36,0,0,0.314
CUST-00937,Zaragoza,rural,85,40.07,0,0,0.004
CUST-00938,Sevilla,periurbana,41,47.31,0,1,0.424
CUST-00939,Sevilla,periurbana,47,57.7,0,0,0.393
CUST-00940,Sevilla,periurbana,47,43.95,1,0,0.262
CUST-00941,Madrid,urbana,51,56.24,0,0,0.215
CUST-00942,Sevilla,periurbana,47,41.41,0,0,0.217
CUST-00943,Sevilla,periurbana,54,65.04,0,0,0.148
CUST-00944,Barcelona,urbana,53,61.51,1,0,0.231
CUST-00945,Sevilla,periurbana,18,40.13,1,1,0.464
CUST-00946,Valencia,periurbana,20,35.74,1,0,0.322
CUST-00947,Barcelona,urbana,30,52.1,0,0,0.14
CUST-00948,Valencia,periurbana,28,49.27,1,0,0.341
CUST-00949,Valencia,periurbana,11,47.97,1,0,0.334
CUST-00950,Sevilla,periurbana,64,45.57,1,0,0.133
CUST-00951,Valencia,periurbana,21,43.72,0,0,0.199
CUST-00952,Valencia,periurbana,31,38.71,0,0,0.195
CUST-00953,Madrid,urbana,44,59.56,0,0,0.277
CUST-00954,Zaragoza,rural,56,43.11,0,0,0.403
CUST-00955,Barcelona,urbana,33,46.82,0,1,0.422
CUST-00956,Zaragoza,rural,19,50.24,0,1,0.489
CUST-00957,Madrid,urbana,35,48.74,0,0,0.265
CUST-00958,Barcelona,urbana,27,46.3,1,0,0.272
CUST-00959,Bilbao,rural,22,43.45,1,0,0.049
CUST-00960,Barcelona,urbana,28,58.49,1,0,0.349
CUST-00961,Sevilla,periurbana,44,54.02,1,0,0.246
CUST-00962,Sevilla,periurbana,15,50.27,0,0,0.281
CUST-00963,Madrid,urbana,17,54.52,0,0,0.365
CUST-00964,Valencia,periurbana,20,43.77,0,0,0.313
CUST-00965,Zaragoza,rural,71,34.07,0,0,0.0
CUST-00966,Madrid,urbana,25,60.29,0,0,0.267
CUST-00967,Zaragoza,rural,33,49.2,1,0,0.409
CUST-00968,Zaragoza,rural,102,41.24,0,0,0.105
CUST-00969,Sevilla,periurbana,21,56.53,0,1,0.561
CUST-00970,Madrid,urbana,23,52.82,0,0,0.376
CUST-00971,Bilbao,rural,47,34.24,1,0,0.0
CUST-00972,Barcelona,urbana,45,74.51,0,0,0.314
CUST-00973,Barcelona,urbana,55,56.95,1,0,0.201
CUST-00974,Madrid,urbana,34,51.36,0,0,0.273
CUST-00975,Bilbao,rural,52,48.11,1,0,0.351
CUST-00976,Valencia,periurbana,29,50.53,0,1,0.548
CUST-00977,Bilbao,rural,23,44.0,1,0,0.38
CUST-00978,Barcelona,urbana,13,55.38,1,1,0.447
CUST-00979,Barcelona,urbana,21,61.29,0,0,0.393
CUST-00980,Madrid,urbana,33,49.77,0,0,0.336
CUST-00981,Sevilla,periurbana,18,45.67,1,0,0.331
CUST-00982,Barcelona,urbana,38,72.54,0,0,0.375
CUST-00983,Valencia,periurbana,20,51.63,0,0,0.363
CUST-00984,Sevilla,periurbana,20,44.15,1,0,0.4
CUST-00985,Zaragoza,rural,69,47.54,1,0,0.0
CUST-00986,Valencia,periurbana,29,41.42,0,0,0.37
CUST-00987,Madrid,urbana,32,48.97,0,0,0.126
CUST-00988,Zaragoza,rural,37,43.91,0,0,0.0
CUST-00989,Sevilla,periurbana,18,54.43,1,1,0.543
CUST-00990,Madrid,urbana,47,47.48,0,0,0.155
CUST-00991,Barcelona,urbana,29,56.15,0,0,0.413
CUST-00992,Zaragoza,rural,49,44.41,0,0,0.344
CUST-00993,Bilbao,rural,28,50.25,0,0,0.336
CUST-00994,Zaragoza,rural,21,32.73,1,0,0.378
CUST-00995,Madrid,urbana,4,57.03,1,0,0.377
CUST-00996,Barcelona,urbana,19,54.1,1,0,0.36
CUST-00997,Zaragoza,rural,56,45.54,1,0,0.095
CUST-00998,Bilbao,rural,62,36.79,0,0,0.0
CUST-00999,Zaragoza,rural,11,43.73,1,0,0.206
CUST-01000,Zaragoza,rural,35,34.18,0,0,0.068
