customer_id,access_node_id,region,zone
C0001,ACC-MAD-01,Madrid,urbana
C0002,ACC-MAD-01,Madrid,urbana
C0003,ACC-MAD-01,Madrid,urbana
C0004,ACC-MAD-01,Madrid,urbana
C0005,ACC-MAD-01,Madrid,urbana
C0006,ACC-MAD-01,Madrid,urbana
C0007,ACC-MAD-01,Madrid,urbana
C0008,ACC-MAD-01,Madrid,urbana
C0009,ACC-MAD-01,Madrid,urbana
C0010,ACC-MAD-01,Madrid,urbana
C0011,ACC-MAD-01,Madrid,urbana
C0012,ACC-MAD-01,Madrid,urbana
C0013,ACC-MAD-01,Madrid,urbana
C0014,ACC-MAD-01,Madrid,urbana
C0015,ACC-MAD-01,Madrid,urbana
C0016,ACC-MAD-01,Madrid,urbana
C0017,ACC-MAD-01,Madrid,urbana
C0018,ACC-MAD-01,Madrid,urbana
C0019,ACC-MAD-01,Madrid,urbana
C0020,ACC-MAD-01,Madrid,urbana
C0021,ACC-MAD-01,Madrid,urbana
C0022,ACC-MAD-01,Madrid,urbana
C0023,ACC-MAD-01,Madrid,urbana
C0024,ACC-MAD-01,Madrid,urbana
C0025,ACC-MAD-01,Madrid,urbana
C0026,ACC-MAD-01,Madrid,urbana
C0027,ACC-MAD-01,Madrid,urbana
C0028,ACC-MAD-02,Madrid,periurbana
C0029,ACC-MAD-02,Madrid,periurbana
C0030,ACC-MAD-02,Madrid,periurbana
C0031,ACC-MAD-02,Madrid,periurbana
C0032,ACC-MAD-02,Madrid,periurbana
C0033,ACC-MAD-02,Madrid,periurbana
C0034,ACC-MAD-02,Madrid,periurbana
C0035,ACC-MAD-02,Madrid,periurbana
C0036,ACC-MAD-02,Madrid,periurbana
C0037,ACC-MAD-02,Madrid,periurbana
C0038,ACC-MAD-03,Madrid,rural
C0039,ACC-MAD-03,Madrid,rural
C0040,ACC-MAD-03,Madrid,rural
C0041,ACC-MAD-03,Madrid,rural
C0042,ACC-MAD-03,Madrid,rural
C0043,ACC-MAD-03,Madrid,rural
C0044,ACC-MAD-03,Madrid,rural
C0045,ACC-MAD-03,Madrid,rural
C0046,ACC-MAD-03,Madrid,rural
C0047,ACC-MAD-03,Madrid,rural
C0048,ACC-MAD-03,Madrid,rural
C0049,ACC-MAD-03,Madrid,rural
C0050,ACC-MAD-03,Madrid,rural
C0051,ACC-MAD-03,Madrid,rural
C0052,ACC-MAD-03,Madrid,rural
C0053,ACC-MAD-03,Madrid,rural
C0054,ACC-MAD-03,Madrid,rural
C0055,ACC-MAD-03,Madrid,rural
C0056,ACC-MAD-03,Madrid,rural
C0057,ACC-MAD-04,Madrid,urbana
C0058,ACC-MAD-04,Madrid,urbana
C0059,ACC-MAD-04,Madrid,urbana
C0060,ACC-MAD-04,Madrid,urbana
C0061,ACC-MAD-04,Madrid,urbana
C0062,ACC-MAD-04,Madrid,urbana
C0063,ACC-MAD-04,Madrid,urbana
C0064,ACC-MAD-04,Madrid,urbana
C0065,ACC-MAD-04,Madrid,urbana
C0066,ACC-MAD-04,Madrid,urbana
C0067,ACC-MAD-04,Madrid,urbana
C0068,ACC-MAD-04,Madrid,urbana
C0069,ACC-MAD-04,Madrid,urbana
C0070,ACC-MAD-04,Madrid,urbana
C0071,ACC-MAD-05,Madrid,periurbana
C0072,ACC-MAD-05,Madrid,periurbana
C0073,ACC-MAD-05,Madrid,periurbana
C0074,ACC-MAD-05,Madrid,periurbana
C0075,ACC-MAD-05,Madrid,periurbana
C0076,ACC-MAD-05,Madrid,periurbana
C0077,ACC-MAD-05,Madrid,periurbana
C0078,ACC-MAD-05,Madrid,periurbana
C0079,ACC-MAD-05,Madrid,periurbana
C0080,ACC-MAD-05,Madrid,periurbana
C0081,ACC-MAD-05,Madrid,periurbana
C0082,ACC-MAD-05,Madrid,periurbana
C0083,ACC-MAD-05,Madrid,periurbana
C0084,ACC-MAD-05,Madrid,periurbana
C0085,ACC-MAD-05,Madrid,periurbana
C0086,ACC-MAD-05,Madrid,periurbana
C0087,ACC-MAD-05,Madrid,periurbana
C0088,ACC-MAD-05,Madrid,periurbana
C0089,ACC-MAD-05,Madrid,periurbana
C0090,ACC-MAD-05,Madrid,periurbana
C0091,ACC-MAD-05,Madrid,periurbana
C0092,ACC-MAD-05,Madrid,periurbana
C0093,ACC-MAD-06,Madrid,rural
C0094,ACC-MAD-06,Madrid,rural
C0095,ACC-MAD-06,Madrid,rural
C0096,ACC-MAD-06,Madrid,rural
C0097,ACC-MAD-06,Madrid,rural
C0098,ACC-MAD-06,Madrid,rural
C0099,ACC-MAD-06,Madrid,rural
C0100,ACC-MAD-06,Madrid,rural
C0101,ACC-MAD-06,Madrid,rural
C0102,ACC-MAD-06,Madrid,rural
C0103,ACC-MAD-06,Madrid,rural
C0104,ACC-MAD-06,Madrid,rural
C0105,ACC-MAD-06,Madrid,rural
C0106,ACC-MAD-07,Madrid,urbana
C0107,ACC-MAD-07,Madrid,urbana
C0108,ACC-MAD-07,Madrid,urbana
C0109,ACC-MAD-07,Madrid,urbana
C0110,ACC-MAD-07,Madrid,urbana
C0111,ACC-MAD-07,Madrid,urbana
C0112,ACC-MAD-07,Madrid,urbana
C0113,ACC-MAD-07,Madrid,urbana
C0114,ACC-MAD-07,Madrid,urbana
C0115,ACC-MAD-07,Madrid,urbana
C0116,ACC-MAD-07,Madrid,urbana
C0117,ACC-MAD-07,Madrid,urbana
C0118,ACC-MAD-07,Madrid,urbana
C0119,ACC-MAD-07,Madrid,urbana
C0120,ACC-MAD-07,Madrid,urbana
C0121,ACC-MAD-07,Madrid,urbana
C0122,ACC-MAD-07,Madrid,urbana
C0123,ACC-MAD-07,Madrid,urbana
C0124,ACC-MAD-07,Madrid,urbana
C0125,ACC-MAD-07,Madrid,urbana
C0126,ACC-MAD-07,Madrid,urbana
C0127,ACC-MAD-07,Madrid,urbana
C0128,ACC-MAD-07,Madrid,urbana
C0129,ACC-MAD-08,Madrid,periurbana
C0130,ACC-MAD-08,Madrid,periurbana
C0131,ACC-MAD-08,Madrid,periurbana
C0132,ACC-MAD-08,Madrid,periurbana
C0133,ACC-MAD-08,Madrid,periurbana
C0134,ACC-MAD-08,Madrid,periurbana
C0135,ACC-MAD-08,Madrid,periurbana
C0136,ACC-MAD-08,Madrid,periurbana
C0137,ACC-MAD-08,Madrid,periurbana
C0138,ACC-MAD-08,Madrid,periurbana
C0139,ACC-MAD-08,Madrid,periurbana
C0140,ACC-MAD-08,Madrid,periurbana
C0141,ACC-MAD-08,Madrid,periurbana
C0142,ACC-MAD-08,Madrid,periurbana
C0143,ACC-MAD-08,Madrid,periurbana
C0144,ACC-MAD-08,Madrid,periurbana
C0145,ACC-MAD-08,Madrid,periurbana
C0146,ACC-MAD-09,Madrid,rural
C0147,ACC-MAD-09,Madrid,rural
C0148,ACC-MAD-09,Madrid,rural
C0149,ACC-MAD-09,Madrid,rural
C0150,ACC-MAD-09,Madrid,rural
C0151,ACC-MAD-09,Madrid,rural
C0152,ACC-MAD-09,Madrid,rural
C0153,ACC-MAD-09,Madrid,rural
C0154,ACC-MAD-09,Madrid,rural
C0155,ACC-MAD-09,Madrid,rural
C0156,ACC-MAD-09,Madrid,rural
C0157,ACC-MAD-09,Madrid,rural
C0158,ACC-MAD-09,Madrid,rural
C0159,ACC-MAD-09,Madrid,rural
C0160,ACC-MAD-09,Madrid,rural
C0161,ACC-MAD-09,Madrid,rural
C0162,ACC-MAD-09,Madrid,rural
C0163,ACC-MAD-09,Madrid,rural
C0164,ACC-MAD-09,Madrid,rural
C0165,ACC-MAD-09,Madrid,rural
C0166,ACC-MAD-09,Madrid,rural
C0167,ACC-MAD-09,Madrid,rural
C0168,ACC-MAD-09,Madrid,rural
C0169,ACC-MAD-09,Madrid,rural
C0170,ACC-MAD-09,Madrid,rural
C0171,ACC-MAD-09,Madrid,rural
C0172,ACC-MAD-09,Madrid,rural
C0173,ACC-MAD-09,Madrid,rural
C0174,ACC-BCN-01,Barcelona,urbana
C0175,ACC-BCN-01,Barcelona,urbana
C0176,ACC-BCN-01,Barcelona,urbana
C0177,ACC-BCN-01,Barcelona,urbana
C0178,ACC-BCN-01,Barcelona,urbana
C0179,ACC-BCN-01,Barcelona,urbana
C0180,ACC-BCN-01,Barcelona,urbana
C0181,ACC-BCN-01,Barcelona,urbana
C0182,ACC-BCN-01,Barcelona,urbana
C0183,ACC-BCN-01,Barcelona,urbana
C0184,ACC-BCN-01,Barcelona,urbana
C0185,ACC-BCN-01,Barcelona,urbana
C0186,ACC-BCN-01,Barcelona,urbana
C0187,ACC-BCN-01,Barcelona,urbana
C0188,ACC-BCN-01,Barcelona,urbana
C0189,ACC-BCN-01,Barcelona,urbana
C0190,ACC-BCN-02,Barcelona,periurbana
C0191,ACC-BCN-02,Barcelona,periurbana
C0192,ACC-BCN-02,Barcelona,periurbana
C0193,ACC-BCN-02,Barcelona,periurbana
C0194,ACC-BCN-02,Barcelona,periurbana
C0195,ACC-BCN-02,Barcelona,periurbana
C0196,ACC-BCN-02,Barcelona,periurbana
C0197,ACC-BCN-02,Barcelona,periurbana
C0198,ACC-BCN-02,Barcelona,periurbana
C0199,ACC-BCN-02,Barcelona,periurbana
C0200,ACC-BCN-02,Barcelona,periurbana
C0201,ACC-BCN-02,Barcelona,periurbana
C0202,ACC-BCN-02,Barcelona,periurbana
C0203,ACC-BCN-02,Barcelona,periurbana
C0204,ACC-BCN-02,Barcelona,periurbana
C0205,ACC-BCN-03,Barcelona,rural
C0206,ACC-BCN-03,Barcelona,rural
C0207,ACC-BCN-03,Barcelona,rural
C0208,ACC-BCN-03,Barcelona,rural
C0209,ACC-BCN-03,Barcelona,rural
C0210,ACC-BCN-03,Barcelona,rural
C0211,ACC-BCN-03,Barcelona,rural
C0212,ACC-BCN-03,Barcelona,rural
C0213,ACC-BCN-03,Barcelona,rural
C0214,ACC-BCN-03,Barcelona,rural
C0215,ACC-BCN-03,Barcelona,rural
C0216,ACC-BCN-04,Barcelona,urbana
C0217,ACC-BCN-04,Barcelona,urbana
C0218,ACC-BCN-04,Barcelona,urbana
C0219,ACC-BCN-04,Barcelona,urbana
C0220,ACC-BCN-04,Barcelona,urbana
C0221,ACC-BCN-04,Barcelona,urbana
C0222,ACC-BCN-04,Barcelona,urbana
C0223,ACC-BCN-04,Barcelona,urbana
C0224,ACC-BCN-04,Barcelona,urbana
C0225,ACC-BCN-04,Barcelona,urbana
C0226,ACC-BCN-04,Barcelona,urbana
C0227,ACC-BCN-04,Barcelona,urbana
C0228,ACC-BCN-04,Barcelona,urbana
C0229,ACC-BCN-04,Barcelona,urbana
C0230,ACC-BCN-04,Barcelona,urbana
C0231,ACC-BCN-04,Barcelona,urbana
C0232,ACC-BCN-04,Barcelona,urbana
C0233,ACC-BCN-04,Barcelona,urbana
C0234,ACC-BCN-04,Barcelona,urbana
C0235,ACC-BCN-04,Barcelona,urbana
C0236,ACC-BCN-04,Barcelona,urbana
C0237,ACC-BCN-04,Barcelona,urbana
C0238,ACC-BCN-04,Barcelona,urbana
C0239,ACC-BCN-04,Barcelona,urbana
C0240,ACC-BCN-04,Barcelona,urbana
C0241,ACC-BCN-04,Barcelona,urbana
C0242,ACC-BCN-05,Barcelona,periurbana
C0243,ACC-BCN-05,Barcelona,periurbana
C0244,ACC-BCN-05,Barcelona,periurbana
C0245,ACC-BCN-05,Barcelona,periurbana
C0246,ACC-BCN-05,Barcelona,periurbana
C0247,ACC-BCN-05,Barcelona,periurbana
C0248,ACC-BCN-05,Barcelona,periurbana
C0249,ACC-BCN-05,Barcelona,periurbana
C0250,ACC-BCN-05,Barcelona,periurbana
C0251,ACC-BCN-05,Barcelona,periurbana
C0252,ACC-BCN-05,Barcelona,periurbana
C0253,ACC-BCN-05,Barcelona,periurbana
C0254,ACC-BCN-05,Barcelona,periurbana
C0255,ACC-BCN-05,Barcelona,periurbana
C0256,ACC-BCN-05,Barcelona,periurbana
C0257,ACC-BCN-05,Barcelona,periurbana
C0258,ACC-BCN-05,Barcelona,periurbana
C0259,ACC-BCN-05,Barcelona,periurbana
C0260,ACC-BCN-05,Barcelona,periurbana
C0261,ACC-BCN-05,Barcelona,periurbana
C0262,ACC-BCN-05,Barcelona,periurbana
C0263,ACC-BCN-05,Barcelona,periurbana
C0264,ACC-BCN-05,Barcelona,periurbana
C0265,ACC-BCN-05,Barcelona,periurbana
C0266,ACC-BCN-05,Barcelona,periurbana
C0267,ACC-BCN-06,Barcelona,rural
C0268,ACC-BCN-06,Barcelona,rural
C0269,ACC-BCN-06,Barcelona,rural
C0270,ACC-BCN-06,Barcelona,rural
C0271,ACC-BCN-06,Barcelona,rural
C0272,ACC-BCN-06,Barcelona,rural
C0273,ACC-BCN-06,Barcelona,rural
C0274,ACC-BCN-06,Barcelona,rural
C0275,ACC-BCN-06,Barcelona,rural
C0276,ACC-BCN-06,Barcelona,rural
C0277,ACC-BCN-06,Barcelona,rural
C0278,ACC-BCN-06,Barcelona,rural
C0279,ACC-BCN-06,Barcelona,rural
C0280,ACC-BCN-06,Barcelona,rural
C0281,ACC-BCN-07,Barcelona,urbana
C0282,ACC-BCN-07,Barcelona,urbana
C0283,ACC-BCN-07,Barcelona,urbana
C0284,ACC-BCN-07,Barcelona,urbana
C0285,ACC-BCN-07,Barcelona,urbana
C0286,ACC-BCN-07,Barcelona,urbana
C0287,ACC-BCN-07,Barcelona,urbana
C0288,ACC-BCN-07,Barcelona,urbana
C0289,ACC-BCN-07,Barcelona,urbana
C0290,ACC-BCN-07,Barcelona,urbana
C0291,ACC-BCN-07,Barcelona,urbana
C0292,ACC-BCN-07,Barcelona,urbana
C0293,ACC-BCN-07,Barcelona,urbana
C0294,ACC-BCN-07,Barcelona,urbana
C0295,ACC-BCN-07,Barcelona,urbana
C0296,ACC-BCN-07,Barcelona,urbana
C0297,ACC-BCN-07,Barcelona,urbana
C0298,ACC-BCN-07,Barcelona,urbana
C0299,ACC-BCN-07,Barcelona,urbana
C0300,ACC-BCN-07,Barcelona,urbana
C0301,ACC-BCN-07,Barcelona,urbana
C0302,ACC-BCN-08,Barcelona,periurbana
C0303,ACC-BCN-08,Barcelona,periurbana
C0304,ACC-BCN-08,Barcelona,periurbana
C0305,ACC-BCN-08,Barcelona,periurbana
C0306,ACC-BCN-08,Barcelona,periurbana
C0307,ACC-BCN-08,Barcelona,periurbana
C0308,ACC-BCN-08,Barcelona,periurbana
C0309,ACC-BCN-08,Barcelona,periurbana
C0310,ACC-BCN-08,Barcelona,periurbana
C0311,ACC-BCN-08,Barcelona,periurbana
C0312,ACC-BCN-08,Barcelona,periurbana
C0313,ACC-BCN-08,Barcelona,periurbana
C0314,ACC-BCN-08,Barcelona,periurbana
C0315,ACC-BCN-08,Barcelona,periurbana
C0316,ACC-BCN-08,Barcelona,periurbana
C0317,ACC-BCN-08,Barcelona,periurbana
C0318,ACC-BCN-08,Barcelona,periurbana
C0319,ACC-BCN-08,Barcelona,periurbana
C0320,ACC-BCN-08,Barcelona,periurbana
C0321,ACC-BCN-08,Barcelona,periurbana
C0322,ACC-BCN-08,Barcelona,periurbana
C0323,ACC-BCN-08,Barcelona,periurbana
C0324,ACC-BCN-08,Barcelona,periurbana
C0325,ACC-BCN-08,Barcelona,periurbana
C0326,ACC-VAL-01,Valencia,urbana
C0327,ACC-VAL-01,Valencia,urbana
C0328,ACC-VAL-01,Valencia,urbana
C0329,ACC-VAL-01,Valencia,urbana
C0330,ACC-VAL-01,Valencia,urbana
C0331,ACC-VAL-01,Valencia,urbana
C0332,ACC-VAL-01,Valencia,urbana
C0333,ACC-VAL-01,Valencia,urbana
C0334,ACC-VAL-01,Valencia,urbana
C0335,ACC-VAL-01,Valencia,urbana
C0336,ACC-VAL-01,Valencia,urbana
C0337,ACC-VAL-01,Valencia,urbana
C0338,ACC-VAL-01,Valencia,urbana
C0339,ACC-VAL-01,Valencia,urbana
C0340,ACC-VAL-01,Valencia,urbana
C0341,ACC-VAL-01,Valencia,urbana
C0342,ACC-VAL-01,Valencia,urbana
C0343,ACC-VAL-01,Valencia,urbana
C0344,ACC-VAL-01,Valencia,urbana
C0345,ACC-VAL-01,Valencia,urbana
C0346,ACC-VAL-01,Valencia,urbana
C0347,ACC-VAL-01,Valencia,urbana
C0348,ACC-VAL-02,Valencia,periurbana
C0349,ACC-VAL-02,Valencia,periurbana
C0350,ACC-VAL-02,Valencia,periurbana
C0351,ACC-VAL-02,Valencia,periurbana
C0352,ACC-VAL-02,Valencia,periurbana
C0353,ACC-VAL-02,Valencia,periurbana
C0354,ACC-VAL-02,Valencia,periurbana
C0355,ACC-VAL-02,Valencia,periurbana
C0356,ACC-VAL-02,Valencia,periurbana
C0357,ACC-VAL-02,Valencia,periurbana
C0358,ACC-VAL-02,Valencia,periurbana
C0359,ACC-VAL-02,Valencia,periurbana
C0360,ACC-VAL-02,Valencia,periurbana
C0361,ACC-VAL-02,Valencia,periurbana
C0362,ACC-VAL-02,Valencia,periurbana
C0363,ACC-VAL-02,Valencia,periurbana
C0364,ACC-VAL-02,Valencia,periurbana
C0365,ACC-VAL-02,Valencia,periurbana
C0366,ACC-VAL-03,Valencia,rural
C0367,ACC-VAL-03,Valencia,rural
C0368,ACC-VAL-03,Valencia,rural
C0369,ACC-VAL-03,Valencia,rural
C0370,ACC-VAL-03,Valencia,rural
C0371,ACC-VAL-03,Valencia,rural
C0372,ACC-VAL-03,Valencia,rural
C0373,ACC-VAL-03,Valencia,rural
C0374,ACC-VAL-03,Valencia,rural
C0375,ACC-VAL-03,Valencia,rural
C0376,ACC-VAL-03,Valencia,rural
C0377,ACC-VAL-03,Valencia,rural
C0378,ACC-VAL-03,Valencia,rural
C0379,ACC-VAL-04,Valencia,urbana
C0380,ACC-VAL-04,Valencia,urbana
C0381,ACC-VAL-04,Valencia,urbana
C0382,ACC-VAL-04,Valencia,urbana
C0383,ACC-VAL-04,Valencia,urbana
C0384,ACC-VAL-04,Valencia,urbana
C0385,ACC-VAL-04,Valencia,urbana
C0386,ACC-VAL-04,Valencia,urbana
C0387,ACC-VAL-04,Valencia,urbana
C0388,ACC-VAL-04,Valencia,urbana
C0389,ACC-VAL-05,Valencia,periurbana
C0390,ACC-VAL-05,Valencia,periurbana
C0391,ACC-VAL-05,Valencia,periurbana
C0392,ACC-VAL-05,Valencia,periurbana
C0393,ACC-VAL-05,Valencia,periurbana
C0394,ACC-VAL-05,Valencia,periurbana
C0395,ACC-VAL-05,Valencia,periurbana
C0396,ACC-VAL-05,Valencia,periurbana
C0397,ACC-VAL-05,Valencia,periurbana
C0398,ACC-VAL-05,Valencia,periurbana
C0399,ACC-VAL-05,Valencia,periurbana
C0400,ACC-VAL-05,Valencia,periurbana
C0401,ACC-VAL-05,Valencia,periurbana
C0402,ACC-VAL-05,Valencia,periurbana
C0403,ACC-VAL-05,Valencia,periurbana
C0404,ACC-VAL-05,Valencia,periurbana
C0405,ACC-VAL-05,Valencia,periurbana
C0406,ACC-VAL-05,Valencia,periurbana
C0407,ACC-VAL-05,Valencia,periurbana
C0408,ACC-VAL-05,Valencia,periurbana
C0409,ACC-VAL-05,Valencia,periurbana
C0410,ACC-VAL-05,Valencia,periurbana
C0411,ACC-VAL-05,Valencia,periurbana
C0412,ACC-VAL-05,Valencia,periurbana
C0413,ACC-VAL-05,Valencia,periurbana
C0414,ACC-VAL-06,Valencia,rural
C0415,ACC-VAL-06,Valencia,rural
C0416,ACC-VAL-06,Valencia,rural
C0417,ACC-VAL-06,Valencia,rural
C0418,ACC-VAL-06,Valencia,rural
C0419,ACC-VAL-06,Valencia,rural
C0420,ACC-VAL-06,Valencia,rural
C0421,ACC-VAL-06,Valencia,rural
C0422,ACC-VAL-06,Valencia,rural
C0423,ACC-VAL-06,Valencia,rural
C0424,ACC-VAL-06,Valencia,rural
C0425,ACC-VAL-06,Valencia,rural
C0426,ACC-VAL-06,Valencia,rural
C0427,ACC-VAL-06,Valencia,rural
C0428,ACC-VAL-06,Valencia,rural
C0429,ACC-VAL-06,Valencia,rural
C0430,ACC-VAL-06,Valencia,rural
C0431,ACC-VAL-06,Valencia,rural
C0432,ACC-VAL-06,Valencia,rural
C0433,ACC-VAL-06,Valencia,rural
C0434,ACC-VAL-06,Valencia,rural
C0435,ACC-VAL-06,Valencia,rural
C0436,ACC-VAL-06,Valencia,rural
C0437,ACC-VAL-06,Valencia,rural
C0438,ACC-VAL-06,Valencia,rural
C0439,ACC-VAL-07,Valencia,urbana
C0440,ACC-VAL-07,Valencia,urbana
C0441,ACC-VAL-07,Valencia,urbana
C0442,ACC-VAL-07,Valencia,urbana
C0443,ACC-VAL-07,Valencia,urbana
C0444,ACC-VAL-07,Valencia,urbana
C0445,ACC-VAL-07,Valencia,urbana
C0446,ACC-VAL-07,Valencia,urbana
C0447,ACC-VAL-07,Valencia,urbana
C0448,ACC-VAL-07,Valencia,urbana
C0449,ACC-VAL-07,Valencia,urbana
C0450,ACC-VAL-07,Valencia,urbana
C0451,ACC-VAL-07,Valencia,urbana
C0452,ACC-VAL-07,Valencia,urbana
C0453,ACC-VAL-07,Valencia,urbana
C0454,ACC-VAL-07,Valencia,urbana
C0455,ACC-VAL-07,Valencia,urbana
C0456,ACC-VAL-07,Valencia,urbana
C0457,ACC-VAL-07,Valencia,urbana
C0458,ACC-VAL-07,Valencia,urbana
C0459,ACC-SEV-01,Sevilla,urbana
C0460,ACC-SEV-01,Sevilla,urbana
C0461,ACC-SEV-01,Sevilla,urbana
C0462,ACC-SEV-01,Sevilla,urbana
C0463,ACC-SEV-01,Sevilla,urbana
C0464,ACC-SEV-01,Sevilla,urbana
C0465,ACC-SEV-01,Sevilla,urbana
C0466,ACC-SEV-01,Sevilla,urbana
C0467,ACC-SEV-01,Sevilla,urbana
C0468,ACC-SEV-01,Sevilla,urbana
C0469,ACC-SEV-01,Sevilla,urbana
C0470,ACC-SEV-01,Sevilla,urbana
C0471,ACC-SEV-01,Sevilla,urbana
C0472,ACC-SEV-01,Sevilla,urbana
C0473,ACC-SEV-01,Sevilla,urbana
C0474,ACC-SEV-01,Sevilla,urbana
C0475,ACC-SEV-01,Sevilla,urbana
C0476,ACC-SEV-01,Sevilla,urbana
C0477,ACC-SEV-02,Sevilla,periurbana
C0478,ACC-SEV-02,Sevilla,periurbana
C0479,ACC-SEV-02,Sevilla,periurbana
C0480,ACC-SEV-02,Sevilla,periurbana
C0481,ACC-SEV-02,Sevilla,periurbana
C0482,ACC-SEV-02,Sevilla,periurbana
C0483,ACC-SEV-02,Sevilla,periurbana
C0484,ACC-SEV-02,Sevilla,periurbana
C0485,ACC-SEV-02,Sevilla,periurbana
C0486,ACC-SEV-02,Sevilla,periurbana
C0487,ACC-SEV-02,Sevilla,periurbana
C0488,ACC-SEV-02,Sevilla,periurbana
C0489,ACC-SEV-02,Sevilla,periurbana
C0490,ACC-SEV-03,Sevilla,rural
C0491,ACC-SEV-03,Sevilla,rural
C0492,ACC-SEV-03,Sevilla,rural
C0493,ACC-SEV-03,Sevilla,rural
C0494,ACC-SEV-03,Sevilla,rural
C0495,ACC-SEV-03,Sevilla,rural
C0496,ACC-SEV-03,Sevilla,rural
C0497,ACC-SEV-03,Sevilla,rural
C0498,ACC-SEV-03,Sevilla,rural
C0499,ACC-SEV-03,Sevilla,rural
C0500,ACC-SEV-03,Sevilla,rural
C0501,ACC-SEV-03,Sevilla,rural
C0502,ACC-SEV-03,Sevilla,rural
C0503,ACC-SEV-03,Sevilla,rural
C0504,ACC-SEV-03,Sevilla,rural
C0505,ACC-SEV-03,Sevilla,rural
C0506,ACC-SEV-03,Sevilla,rural
C0507,ACC-SEV-03,Sevilla,rural
C0508,ACC-SEV-03,Sevilla,rural
C0509,ACC-SEV-03,Sevilla,rural
C0510,ACC-SEV-04,Sevilla,urbana
C0511,ACC-SEV-04,Sevilla,urbana
C0512,ACC-SEV-04,Sevilla,urbana
C0513,ACC-SEV-04,Sevilla,urbana
C0514,ACC-SEV-04,Sevilla,urbana
C0515,ACC-SEV-04,Sevilla,urbana
C0516,ACC-SEV-04,Sevilla,urbana
C0517,ACC-SEV-04,Sevilla,urbana
C0518,ACC-SEV-04,Sevilla,urbana
C0519,ACC-SEV-04,Sevilla,urbana
C0520,ACC-SEV-04,Sevilla,urbana
C0521,ACC-SEV-04,Sevilla,urbana
C0522,ACC-SEV-04,Sevilla,urbana
C0523,ACC-SEV-04,Sevilla,urbana
C0524,ACC-SEV-04,Sevilla,urbana
C0525,ACC-SEV-04,Sevilla,urbana
C0526,ACC-SEV-04,Sevilla,urbana
C0527,ACC-SEV-04,Sevilla,urbana
C0528,ACC-SEV-04,Sevilla,urbana
C0529,ACC-SEV-04,Sevilla,urbana
C0530,ACC-SEV-04,Sevilla,urbana
C0531,ACC-SEV-04,Sevilla,urbana
C0532,ACC-SEV-05,Sevilla,periurbana
C0533,ACC-SEV-05,Sevilla,periurbana
C0534,ACC-SEV-05,Sevilla,periurbana
C0535,ACC-SEV-05,Sevilla,periurbana
C0536,ACC-SEV-05,Sevilla,periurbana
C0537,ACC-SEV-05,Sevilla,periurbana
C0538,ACC-SEV-05,Sevilla,periurbana
C0539,ACC-SEV-05,Sevilla,periurbana
C0540,ACC-SEV-05,Sevilla,periurbana
C0541,ACC-SEV-05,Sevilla,periurbana
C0542,ACC-SEV-05,Sevilla,periurbana
C0543,ACC-SEV-05,Sevilla,periurbana
C0544,ACC-SEV-05,Sevilla,periurbana
C0545,ACC-SEV-05,Sevilla,periurbana
C0546,ACC-SEV-05,Sevilla,periurbana
C0547,ACC-SEV-05,Sevilla,periurbana
C0548,ACC-SEV-05,Sevilla,periurbana
C0549,ACC-SEV-05,Sevilla,periurbana
C0550,ACC-SEV-05,Sevilla,periurbana
C0551,ACC-SEV-05,Sevilla,periurbana
C0552,ACC-SEV-05,Sevilla,periurbana
C0553,ACC-SEV-05,Sevilla,periurbana
C0554,ACC-SEV-06,Sevilla,rural
C0555,ACC-SEV-06,Sevilla,rural
C0556,ACC-SEV-06,Sevilla,rural
C0557,ACC-SEV-06,Sevilla,rural
C0558,ACC-SEV-06,Sevilla,rural
C0559,ACC-SEV-06,Sevilla,rural
C0560,ACC-SEV-06,Sevilla,rural
C0561,ACC-SEV-06,Sevilla,rural
C0562,ACC-SEV-06,Sevilla,rural
C0563,ACC-SEV-06,Sevilla,rural
C0564,ACC-SEV-06,Sevilla,rural
C0565,ACC-SEV-06,Sevilla,rural
C0566,ACC-SEV-06,Sevilla,rural
C0567,ACC-SEV-06,Sevilla,rural
C0568,ACC-SEV-06,Sevilla,rural
C0569,ACC-SEV-06,Sevilla,rural
C0570,ACC-SEV-06,Sevilla,rural
C0571,ACC-SEV-06,Sevilla,rural
C0572,ACC-SEV-06,Sevilla,rural
C0573,ACC-SEV-06,Sevilla,rural
C0574,ACC-SEV-07,Sevilla,urbana
C0575,ACC-SEV-07,Sevilla,urbana
C0576,ACC-SEV-07,Sevilla,urbana
C0577,ACC-SEV-07,Sevilla,urbana
C0578,ACC-SEV-07,Sevilla,urbana
C0579,ACC-SEV-07,Sevilla,urbana
C0580,ACC-SEV-07,Sevilla,urbana
C0581,ACC-SEV-07,Sevilla,urbana
C0582,ACC-SEV-07,Sevilla,urbana
C0583,ACC-SEV-07,Sevilla,urbana
C0584,ACC-SEV-07,Sevilla,urbana
C0585,ACC-SEV-07,Sevilla,urbana
C0586,ACC-SEV-07,Sevilla,urbana
C0587,ACC-SEV-07,Sevilla,urbana
C0588,ACC-SEV-07,Sevilla,urbana
C0589,ACC-SEV-07,Sevilla,urbana
C0590,ACC-SEV-07,Sevilla,urbana
C0591,ACC-SEV-07,Sevilla,urbana
C0592,ACC-BIO-01,Bilbao,urbana
C0593,ACC-BIO-01,Bilbao,urbana
C0594,ACC-BIO-01,Bilbao,urbana
C0595,ACC-BIO-01,Bilbao,urbana
C0596,ACC-BIO-01,Bilbao,urbana
C0597,ACC-BIO-01,Bilbao,urbana
C0598,ACC-BIO-01,Bilbao,urbana
C0599,ACC-BIO-01,Bilbao,urbana
C0600,ACC-BIO-01,Bilbao,urbana
C0601,ACC-BIO-01,Bilbao,urbana
C0602,ACC-BIO-01,Bilbao,urbana
C0603,ACC-BIO-01,Bilbao,urbana
C0604,ACC-BIO-01,Bilbao,urbana
C0605,ACC-BIO-01,Bilbao,urbana
C0606,ACC-BIO-01,Bilbao,urbana
C0607,ACC-BIO-01,Bilbao,urbana
C0608,ACC-BIO-01,Bilbao,urbana
C0609,ACC-BIO-02,Bilbao,periurbana
C0610,ACC-BIO-02,Bilbao,periurbana
C0611,ACC-BIO-02,Bilbao,periurbana
C0612,ACC-BIO-02,Bilbao,periurbana
C0613,ACC-BIO-02,Bilbao,periurbana
C0614,ACC-BIO-02,Bilbao,periurbana
C0615,ACC-BIO-02,Bilbao,periurbana
C0616,ACC-BIO-02,Bilbao,periurbana
C0617,ACC-BIO-02,Bilbao,periurbana
C0618,ACC-BIO-02,Bilbao,periurbana
C0619,ACC-BIO-02,Bilbao,periurbana
C0620,ACC-BIO-02,Bilbao,periurbana
C0621,ACC-BIO-02,Bilbao,periurbana
C0622,ACC-BIO-02,Bilbao,periurbana
C0623,ACC-BIO-02,Bilbao,periurbana
C0624,ACC-BIO-03,Bilbao,rural
C0625,ACC-BIO-03,Bilbao,rural
C0626,ACC-BIO-03,Bilbao,rural
C0627,ACC-BIO-03,Bilbao,rural
C0628,ACC-BIO-03,Bilbao,rural
C0629,ACC-BIO-03,Bilbao,rural
C0630,ACC-BIO-03,Bilbao,rural
C0631,ACC-BIO-03,Bilbao,rural
C0632,ACC-BIO-03,Bilbao,rural
C0633,ACC-BIO-03,Bilbao,rural
C0634,ACC-BIO-03,Bilbao,rural
C0635,ACC-BIO-03,Bilbao,rural
C0636,ACC-BIO-03,Bilbao,rural
C0637,ACC-BIO-03,Bilbao,rural
C0638,ACC-BIO-03,Bilbao,rural
C0639,ACC-BIO-03,Bilbao,rural
C0640,ACC-BIO-03,Bilbao,rural
C0641,ACC-BIO-03,Bilbao,rural
C0642,ACC-BIO-03,Bilbao,rural
C0643,ACC-BIO-03,Bilbao,rural
C0644,ACC-BIO-03,Bilbao,rural
C0645,ACC-BIO-03,Bilbao,rural
C0646,ACC-BIO-03,Bilbao,rural
C0647,ACC-BIO-03,Bilbao,rural
C0648,ACC-BIO-03,Bilbao,rural
C0649,ACC-BIO-03,Bilbao,rural
C0650,ACC-BIO-03,Bilbao,rural
C0651,ACC-BIO-03,Bilbao,rural
C0652,ACC-BIO-03,Bilbao,rural
C0653,ACC-BIO-03,Bilbao,rural
C0654,ACC-BIO-03,Bilbao,rural
C0655,ACC-BIO-03,Bilbao,rural
C0656,ACC-BIO-04,Bilbao,urbana
C0657,ACC-BIO-04,Bilbao,urbana
C0658,ACC-BIO-04,Bilbao,urbana
C0659,ACC-BIO-04,Bilbao,urbana
C0660,ACC-BIO-04,Bilbao,urbana
C0661,ACC-BIO-04,Bilbao,urbana
C0662,ACC-BIO-04,Bilbao,urbana
C0663,ACC-BIO-04,Bilbao,urbana
C0664,ACC-BIO-04,Bilbao,urbana
C0665,ACC-BIO-04,Bilbao,urbana
C0666,ACC-BIO-04,Bilbao,urbana
C0667,ACC-BIO-04,Bilbao,urbana
C0668,ACC-BIO-04,Bilbao,urbana
C0669,ACC-BIO-04,Bilbao,urbana
C0670,ACC-BIO-04,Bilbao,urbana
C0671,ACC-BIO-04,Bilbao,urbana
C0672,ACC-BIO-04,Bilbao,urbana
C0673,ACC-BIO-04,Bilbao,urbana
C0674,ACC-BIO-04,Bilbao,urbana
C0675,ACC-BIO-04,Bilbao,urbana
C0676,ACC-BIO-04,Bilbao,urbana
C0677,ACC-BIO-04,Bilbao,urbana
C0678,ACC-BIO-04,Bilbao,urbana
C0679,ACC-BIO-04,Bilbao,urbana
C0680,ACC-BIO-04,Bilbao,urbana
C0681,ACC-BIO-05,Bilbao,periurbana
C0682,ACC-BIO-05,Bilbao,periurbana
C0683,ACC-BIO-05,Bilbao,periurbana
C0684,ACC-BIO-05,Bilbao,periurbana
C0685,ACC-BIO-05,Bilbao,periurbana
C0686,ACC-BIO-05,Bilbao,periurbana
C0687,ACC-BIO-05,Bilbao,periurbana
C0688,ACC-BIO-05,Bilbao,periurbana
C0689,ACC-BIO-05,Bilbao,periurbana
C0690,ACC-BIO-05,Bilbao,periurbana
C0691,ACC-BIO-05,Bilbao,periurbana
C0692,ACC-BIO-06,Bilbao,rural
C0693,ACC-BIO-06,Bilbao,rural
C0694,ACC-BIO-06,Bilbao,rural
C0695,ACC-BIO-06,Bilbao,rural
C0696,ACC-BIO-06,Bilbao,rural
C0697,ACC-BIO-06,Bilbao,rural
C0698,ACC-BIO-06,Bilbao,rural
C0699,ACC-BIO-06,Bilbao,rural
C0700,ACC-BIO-06,Bilbao,rural
C0701,ACC-BIO-06,Bilbao,rural
C0702,ACC-BIO-06,Bilbao,rural
C0703,ACC-BIO-06,Bilbao,rural
C0704,ACC-BIO-06,Bilbao,rural
C0705,ACC-BIO-06,Bilbao,rural
C0706,ACC-COR-01,Coruna,urbana
C0707,ACC-COR-01,Coruna,urbana
C0708,ACC-COR-01,Coruna,urbana
C0709,ACC-COR-01,Coruna,urbana
C0710,ACC-COR-01,Coruna,urbana
C0711,ACC-COR-01,Coruna,urbana
C0712,ACC-COR-01,Coruna,urbana
C0713,ACC-COR-01,Coruna,urbana
C0714,ACC-COR-01,Coruna,urbana
C0715,ACC-COR-01,Coruna,urbana
C0716,ACC-COR-01,Coruna,urbana
C0717,ACC-COR-01,Coruna,urbana
C0718,ACC-COR-01,Coruna,urbana
C0719,ACC-COR-01,Coruna,urbana
C0720,ACC-COR-01,Coruna,urbana
C0721,ACC-COR-01,Coruna,urbana
C0722,ACC-COR-01,Coruna,urbana
C0723,ACC-COR-01,Coruna,urbana
C0724,ACC-COR-01,Coruna,urbana
C0725,ACC-COR-01,Coruna,urbana
C0726,ACC-COR-01,Coruna,urbana
C0727,ACC-COR-01,Coruna,urbana
C0728,ACC-COR-01,Coruna,urbana
C0729,ACC-COR-01,Coruna,urbana
C0730,ACC-COR-01,Coruna,urbana
C0731,ACC-COR-01,Coruna,urbana
C0732,ACC-COR-01,Coruna,urbana
C0733,ACC-COR-02,Coruna,periurbana
C0734,ACC-COR-02,Coruna,periurbana
C0735,ACC-COR-02,Coruna,periurbana
C0736,ACC-COR-02,Coruna,periurbana
C0737,ACC-COR-02,Coruna,periurbana
C0738,ACC-COR-02,Coruna,periurbana
C0739,ACC-COR-02,Coruna,periurbana
C0740,ACC-COR-02,Coruna,periurbana
C0741,ACC-COR-02,Coruna,periurbana
C0742,ACC-COR-02,Coruna,periurbana
C0743,ACC-COR-03,Coruna,rural
C0744,ACC-COR-03,Coruna,rural
C0745,ACC-COR-03,Coruna,rural
C0746,ACC-COR-03,Coruna,rural
C0747,ACC-COR-03,Coruna,rural
C0748,ACC-COR-03,Coruna,rural
C0749,ACC-COR-03,Coruna,rural
C0750,ACC-COR-03,Coruna,rural
C0751,ACC-COR-03,Coruna,rural
C0752,ACC-COR-03,Coruna,rural
C0753,ACC-COR-03,Coruna,rural
C0754,ACC-COR-03,Coruna,rural
C0755,ACC-COR-03,Coruna,rural
C0756,ACC-COR-04,Coruna,urbana
C0757,ACC-COR-04,Coruna,urbana
C0758,ACC-COR-04,Coruna,urbana
C0759,ACC-COR-04,Coruna,urbana
C0760,ACC-COR-04,Coruna,urbana
C0761,ACC-COR-04,Coruna,urbana
C0762,ACC-COR-04,Coruna,urbana
C0763,ACC-COR-04,Coruna,urbana
C0764,ACC-COR-04,Coruna,urbana
C0765,ACC-COR-04,Coruna,urbana
C0766,ACC-COR-04,Coruna,urbana
C0767,ACC-COR-04,Coruna,urbana
C0768,ACC-COR-04,Coruna,urbana
C0769,ACC-COR-04,Coruna,urbana
C0770,ACC-COR-04,Coruna,urbana
C0771,ACC-COR-04,Coruna,urbana
C0772,ACC-COR-04,Coruna,urbana
C0773,ACC-COR-04,Coruna,urbana
C0774,ACC-COR-04,Coruna,urbana
C0775,ACC-COR-04,Coruna,urbana
C0776,ACC-COR-04,Coruna,urbana
C0777,ACC-COR-05,Coruna,periurbana
C0778,ACC-COR-05,Coruna,periurbana
C0779,ACC-COR-05,Coruna,periurbana
C0780,ACC-COR-05,Coruna,periurbana
C0781,ACC-COR-05,Coruna,periurbana
C0782,ACC-COR-05,Coruna,periurbana
C0783,ACC-COR-05,Coruna,periurbana
C0784,ACC-COR-05,Coruna,periurbana
C0785,ACC-COR-05,Coruna,periurbana
C0786,ACC-COR-05,Coruna,periurbana
C0787,ACC-COR-05,Coruna,periurbana
C0788,ACC-COR-05,Coruna,periurbana
C0789,ACC-COR-05,Coruna,periurbana
C0790,ACC-COR-05,Coruna,periurbana
C0791,ACC-COR-05,Coruna,periurbana
C0792,ACC-COR-05,Coruna,periurbana
C0793,ACC-COR-05,Coruna,periurbana
C0794,ACC-COR-05,Coruna,periurbana
C0795,ACC-COR-05,Coruna,periurbana
C0796,ACC-COR-05,Coruna,periurbana
C0797,ACC-COR-05,Coruna,periurbana
C0798,ACC-COR-05,Coruna,periurbana
C0799,ACC-COR-05,Coruna,periurbana
C0800,ACC-COR-05,Coruna,periurbana
